searchTerm,slug,Label,preprocessed_searchTerm
#4 #14 connector,types-of-pipe-fittings,RELEVANT,connector
03-09 z1000 04-12 z750 05-07 z750s 11-12 z750r filter,best-air-filters-for-your-home,RELEVANT,filter
1 gal #380c-3 paint,best-ceiling-paint-for-your-home,RELEVANT,paint
1 gal #610 paint,best-exterior-paint-for-your-home,RELEVANT,paint
1 gal #ae-38 paint,how-to-use-a-paint-sprayer-,RELEVANT,ae- paint
1 gal #bic-05 paint,how-to-prime-a-wall,RELEVANT,bic- paint
1 gal #bic-42 paint,types-of-paint-finishes,RELEVANT,bic- paint
1 gal #hdgcn26d paint with primer,how-to-paint-trim,RELEVANT,paint primer
1 gal #hdgr44 blush with primer,how-to-prime-a-wall,RELEVANT,blush primer
1 gal #hdgy60 paint,best-exterior-paint-for-your-home,RELEVANT,paint
1 gal #hdppgb40d paint with primer,how-to-paint-a-room,RELEVANT,paint primer
1 gal #hdppgg32 paint with primer,how-to-paint-a-room,RELEVANT,paint primer
1 gal #hdppgo49 paint,best-exterior-paint-for-your-home,RELEVANT,paint
1 gal #hdpwn13 zero paint,types-of-paint-finishes,RELEVANT,zero paint
1 gal #ppl-32 paint,how-to-paint-trim,RELEVANT,ppl- paint
1 gal ppg1065-1 paint,how-to-use-a-paint-sprayer-,RELEVANT,paint
1 gal ppg1115-2 paint,best-interior-paints,RELEVANT,paint
1 gal ppg1251-4 paint with primer,how-to-prime-a-wall,RELEVANT,paint primer
1 in. x 1 in. cable zip ties,how-to-hide-wires,RELEVANT,cable zip tie
1 in. x 24 in. x 24 in. acoustic insulation,how-to-insulate-garage-doors,RELEVANT,acoustic insulation
1 in. x 3 in. x 42 in. cambridge kitchen cabinet molding,best-kitchen-cabinets-for-your-home,RELEVANT,cambridge kitchen cabinet molding
1 in. x 4 in. galvanized fitting,types-of-pipes,NOT RELEVANT,galvanize fitting
1 shot paint,how-to-paint-a-room,RELEVANT,shot paint
1-panel screen with doors,best-exterior-doors-for-your-home,RELEVANT,-panel screen door
10 ft. x 12 ft. oriental weavers area rug,rug-sizes-for-your-space,RELEVANT,oriental weavers area rug
10 ft. x 15 ft. spun polyester u.s. flag,bedroom-makeovers-for-pre-teens,NOT RELEVANT,u.s spun polyester flag
10 in. x 36 in. wall shelf,shelving-ideas,RELEVANT,wall shelf
10x16 mosaic tile,bathroom-tile-ideas,RELEVANT,mosaic tile
11 in. x 16 in. x 4 in. shower niche,how-to-install-a-glue-up-shower-enclosure,RELEVANT,shower niche
11 in. x 17 in. storage drawer,best-storage-containers-for-your-home,RELEVANT,storage drawer
11.22 in. x 11.47 in. msi mosaic tile,3-bathroom-renovations-3-different-styles,RELEVANT,mosaic tile msi
11.5 in. x 11.875 in. tile,colored-grout-and-new-tile-create-fresh-bathroom-look,RELEVANT,tile
11.56 in w x 8.38 in h green peel and stick backsplash,renter-friendly-diy-faux-fireplace-with-smart-tiles,RELEVANT,w h green peel stick backsplash
11.56 in. x 8.38 in. gray peel and stick backsplash,peel-and-stick-wallpaper-ideas,RELEVANT,gray peel stick backsplash
11.75 in. x 15.875 in. tile backsplashes,backsplash-ideas,RELEVANT,tile backsplashes
11.8 in. x 23.6 in. x 6.7 in. medicine cabinets with mirror,best-medicine-cabinets-for-your-bathroom,RELEVANT,medicine cabinet mirror
11.875 in. x 11.625 in. jeffrey court tile backsplashes,bathroom-tile-ideas,RELEVANT,jeffrey court tile backsplashes
11x13 emser mosaic tile,types-of-tiles,RELEVANT,emser mosaic tile
12 in. 6 in. copper,types-of-fittings-for-gas-and-water-pipes,RELEVANT,copper
12 in. x 10 in. ivy hill tile backsplashes,how-to-install-a-tile-backsplash,RELEVANT,ivy hill tile backsplashes
12 in. x 10 in. x 10 in. speedi-products wyes,bedroom-makeovers-for-pre-teens,NOT RELEVANT,speedi product wye
12 in. x 24 in. closetmaid wood closet drawer,DIY-closet-organizer,RELEVANT,closetmaid wood closet drawer
12 in. x 77 in. board and batten shutter,how-to-make-a-board-and-batten-wall-accent,RELEVANT,board batten shutter
121 in. x 17.99 in. mosaic tile,types-of-tiles,RELEVANT,mosaic tile
12x20x1 air filter,how-often-you-should-change-your-air-filter,RELEVANT,air filter
13 in. x 32 in. casainc bathroom vanities with top,how-to-install-a-bathroom-vanity,RELEVANT,casainc bathroom vanity top
13.75 in. glaze,how-to-sponge-paint,RELEVANT,glaze
13x13 in. glaze,how-to-sponge-paint,RELEVANT,glaze
14.88 in. x 11 in. window box,how-to-plant-a-colorful-window-box,RELEVANT,window box
15 in. x 11 in. aspen creative corporation lamp shades,how-to-measure-a-lamp-shade,RELEVANT,aspen creative corporation lamp shade
15 in. x 23 in. planter,how-to-make-a-tile-planter,RELEVANT,planter
15 in. x 32 ft. owens corning insulation,how-to-insulate-garage-doors,RELEVANT,owens corning insulation
15 in. x 4 in. pot,how-to-build-a-dog-playground,NOT RELEVANT,pot
15 in. x 44 in. hurricane panel,types-of-hurricane-shutters,RELEVANT,hurricane panel
15.3 in. x 16.3 in. vinyl siding,how-to-change-an-outdoor-light-fixture,RELEVANT,vinyl siding
15x15 in. glaze,faux-paint-finish-ideas,RELEVANT,glaze
16 ft. unlit christmas trees,best-artificial-christmas-trees-for-the-season,RELEVANT,christmas unlit tree
16 ft. x 32 ft. swimline above ground pool liner,how-to-open-a-pool,RELEVANT,swimline ground pool liner
16 in. x 30 in. tier1 registers,home-office-shed-transformation,NOT RELEVANT,register
16 penny nails,types-of-nails,RELEVANT,penny nail
16 saw,types-of-power-saws,RELEVANT,saw
16-gauge welded wire fencing,how-to-install-a-chain-link-fence,RELEVANT,-gauge weld wire fencing
17 in. x 24 in. lagoon bath mat,creating-a-timeless-laundry-space,NOT RELEVANT,lagoon bath mat
18 gauge nail,types-of-outdoor-nails-and-screws,RELEVANT,gauge nail
18 in. vanity,bathroom-vanity-ideas,RELEVANT,vanity
18 in. x 24 in. insulation,how-to-build-a-dog-playground,NOT RELEVANT,insulation
18 in. x 24 in. magliner platform trucks,creating-a-timeless-laundry-space,NOT RELEVANT,magliner platform truck
18 in. x 30 in. in mat,bedroom-makeovers-for-pre-teens,NOT RELEVANT,mat
18 in. x 42 in. x 14 in. sunstone outdoor kitchen cabinet,kitchen-cabinet-ideas,RELEVANT,sunstone outdoor kitchen cabinet
18 in. x 49 in. raised panel shutter,how-to-build-raised-garden-beds,NOT RELEVANT,raise panel shutter
18 watt led under light,light-bulb-brightness,RELEVANT,watt lead light
188-bottle 300 wine cooler,the-best-wine-glasses-to-complement-any-wine,RELEVANT,-bottle wine cooler
18w t5 led,led-vs-fluorescent,RELEVANT,lead
18x18 daltile porcelain tile,bathroom-tile-ideas,RELEVANT,daltile porcelain tile
19 ft. x 16 ft. 3 in. x 9 ft. double h,3-bathroom-renovations-3-different-styles,NOT RELEVANT,double h
19 in. x 1.6 in. garage storage shelves,garage-storage-ideas,RELEVANT,garage storage shelf
19 in. x 20 in. veneerstone manufactured stone,how-to-build-a-dog-playground,NOT RELEVANT,veneerstone manufacture stone
19.29 in. x 19.29 in. x 15.75 in. homeroots office storage cabinet,how-to-install-wall-cabinets,RELEVANT,homeroots office storage cabinet
19.5 in. x 31.25 in. outdoor vin ncaa state yl medallion door mat,how-to-build-a-dog-playground,NOT RELEVANT,vin ncaa state outdoor yl medallion door mat
19.50 in. x 29 in. fire pit,best-fire-pits-for-your-backyard,RELEVANT,fire pit
"1930,vintage poster by art",traditional-nostalgic-christmas-tree,NOT RELEVANT,vintage poster art
1997-2003 f-150 led,types-of-led-lights,RELEVANT,f- lead
2 ft. x 2 ft. deck tiles,how-to-plan-a-deck,RELEVANT,deck tile
2 ft. x 4 ft. drywall steel studs,how-to-cut-drywall,RELEVANT,drywall steel stud
2 gang weatherproof box,types-of-electrical-boxes,RELEVANT,gang weatherproof box
2 in. x 10 in. x 16 ft. weathershield wood decking board,back-porch-ideas,NOT RELEVANT,weathershield wood decking board
2 in. x 16 in. glass tile,types-of-tiles,RELEVANT,glass tile
2 in. x 36 in. everbilt flat bar,how-to-build-a-dog-playground,NOT RELEVANT,everbilt flat bar
2 in. x 6 in. qep grout remover tool,how-to-fix-cracked-tile,RELEVANT,qep grout remover tool
2 light,recessed-lighting-buying-guide,RELEVANT,light
2-light brushed wall sconce,how-to-install-recessed-lighting,NOT RELEVANT,-light brush wall sconce
2-tone 11 in. bag,home-hurricane-prep-kit,NOT RELEVANT,-tone bag
2.3 ft. x 50 ft. fence,how-to-install-a-chain-link-fence,RELEVANT,fence
2.437 in. x 0.75 in. x 0.105 in. everbilt composite fastener,bedroom-makeovers-for-pre-teens,NOT RELEVANT,everbilt composite fastener
20 in. x 10.81 in. x 3.88 in. cabinet door organizer,how-to-build-a-dog-playground,NOT RELEVANT,cabinet door organizer
20 in. x 17 in. x 17 in. ottoman,bedroom-makeovers-for-pre-teens,NOT RELEVANT,ottoman
20 in. x 30 in. x 1 in. replacementbrand air purifier accessories,how-to-clean-an-air-purifier,RELEVANT,replacementbrand air purifier accessory
20.56 in. x 33.81 in. mind reader drying rack,preserve-your-herbs-diy-drying-rack,RELEVANT,mind reader dry rack
200 amp double kit,how-to-buy-electrical-panels,RELEVANT,amp double kit
20x30 tarp,best-tarp-and-drop-cloths-for-your-project,RELEVANT,tarp
21 in. x 34 in. bathroom vanities with top,how-to-install-a-bathroom-vanity,RELEVANT,bathroom vanity top
21 in. x 36 in. 60 in. garage storage shelves,garage-storage-ideas,RELEVANT,garage storage shelf
225 amp 4-pole breaker,how-to-install-an-afci-breaker,RELEVANT,amp -pole breaker
23 in. x 18 in. christmas wall decoration,make-dried-flower-christmas-ornaments,RELEVANT,christmas wall decoration
23.375 in. x 40.5 in. jeld-wen insect screen,back-porch-ideas,NOT RELEVANT,jeld wen insect screen
23.5 in. x 23.5 in. jeld wen shaped window,how-to-install-a-window,RELEVANT,jeld wen shape window
23372-copper,types-of-fittings-for-gas-and-water-pipes,RELEVANT,-copper
23379-copper,types-of-fittings-for-gas-and-water-pipes,RELEVANT,-copper
24 in in. x 12 in. gable vents,types-of-roofing-and-attic-ventilations,RELEVANT,gable vent
24 in. 32 in. 10-bar towel,how-to-install-a-towel-bar,RELEVANT,-bar towel
24 in. sink in white,how-to-replace-a-kitchen-sink,RELEVANT,sink white
24 in. x 19 in. vanity,vanity-lighting-ideas,NOT RELEVANT,vanity
24 in. x 28 in. work pant,bedroom-makeovers-for-pre-teens,NOT RELEVANT,work pant
24 in. x 34.5 in. x 24 in. assembled kitchen cabinet,best-kitchen-cabinet-refacing-for-your-home,RELEVANT,assemble kitchen cabinet
24 in. x 40 in. pistachio mohawk home bath mat,how-to-build-a-shed-bunkhouse,NOT RELEVANT,pistachio mohawk home bath mat
25 dewalt tape,impact-drivers-vs-drills,NOT RELEVANT,dewalt tape
25 in. to 25.75 in. x 66 in. shower door,tips-for-selecting-shower-doors,RELEVANT,shower door
25 in. x 22 in. x 13.625 in. utility sink,how-to-install-an-undermount-sink-,RELEVANT,utility sink
25 in. x 36 in. vanity mirror,vanity-light-height,RELEVANT,vanity mirror
25 in. x 71 in. double framed in chrome,how-to-build-a-dog-playground,NOT RELEVANT,double frame chrome
25 watt r14 led,types-of-led-lights,RELEVANT,watt lead
26 in. x 31 in. shoe rack,closet-organization-ideas,RELEVANT,shoe rack
26 in. x 80 in. slab door,types-of-interior-doors,RELEVANT,slab door
26.5 in. to 28.5 in. x 72 in. door,how-to-install-bifold-doors,RELEVANT,door
26.75 in. - 27.25 in. x 80 in. alcove shower door,how-to-install-a-pivot-shower-door,RELEVANT,alcove shower door
265 watt led for lights,led-retrofitting,RELEVANT,watt lead light
27 in. x 44.5 in. x 3.125 in. glass block window,how-to-replace-window-glass,RELEVANT,glass block window
27.5 in. x 18.3125 in. x 9.5 in. kohler undermount kitchen sink,how-to-measure-a-kitchen-sink,RELEVANT,kohler undermount kitchen sink
29 in. double sink with strainer,how-to-fix-sink-strainers,RELEVANT,double sink strainer
29 in. shade,how-to-measure-for-blinds-and-shades,RELEVANT,shade
29.3 in. x 18 in. bathroom vanities with top,best-bathroom-vanities-for-your-home,RELEVANT,bathroom vanity top
"2ph, 3-watt, 120-volt, 200:0.1, meter",how-to-use-a-multimeter,RELEVANT,meter -watt -volt
2x2 marazzi metal tile,bathroom-tile-ideas,NOT RELEVANT,marazzi metal tile
2x6 joist hangers,how-to-build-a-deck,RELEVANT,joist hanger
3 ft. x 72 ft. snapfence vinyl fence panel,types-of-fence-materials-and-hardware,RELEVANT,snapfence vinyl fence panel
3 in. x 12 in. white peel and stick backsplash,how-to-hang-peel-and-stick-wallpaper,RELEVANT,white peel stick backsplash
3 in. x 72 in. x 1 in. sill rite door moulding,how-to-brighten-up-a-room-with-a-fireplace-makeover,NOT RELEVANT,sill rite door mould
3 pack nail setter,brad-nails-vs-finish-nails,RELEVANT,pack nail setter
3.1 in. x 6.25 in. pint glasses,creating-a-timeless-laundry-space,NOT RELEVANT,pint glass
3.5 chest freezer,how-to-clean-a-freezer,RELEVANT,chest freezer
30 in. 22 in. vanity,makeup-vanity-ideas,RELEVANT,vanity
30 in. x 14 in. louver,3-bathroom-renovations-3-different-styles,NOT RELEVANT,louver
30 in. x 4.25 in. inoxia tile,creating-a-timeless-laundry-space,NOT RELEVANT,inoxia tile
30 in. x 40 in. x 14 in. assembled kitchen cabinet,how-to-install-kitchen-cabinets,RELEVANT,assemble kitchen cabinet
30 in. x 7 in. garage storage shelves,garage-storage-ideas,RELEVANT,garage storage shelf
30.25 in. x 73.375 in. door,how-to-install-bifold-doors,NOT RELEVANT,door
300 in. x 300 in. vanity mirror,bathroom-vanity-ideas,RELEVANT,vanity mirror
300 watt r40 bulb,led-vs-fluorescent,RELEVANT,watt bulb
31 in. 22 in. 35 in. glaze,how-to-sponge-paint,RELEVANT,glaze
31 in. 22 in. vanity in chocolate,stylish-bathroom-ideas-with-tile,NOT RELEVANT,vanity chocolate
31 in. x 60 in. shower base,types-of-shower-bases-and-walls,RELEVANT,shower base
31.25 in. x 35.25 in. ply gem singlehung window,different-types-of-windows-for-your-home,RELEVANT,ply gem singlehung window
31.5 in. 18.2 in. vanity in gray,bathroom-vanity-ideas,RELEVANT,vanity gray
31.625 in. x 21.625 in. tafco windows window,how-to-install-a-window,RELEVANT,tafco windows window
3119-19329sam,how-to-make-a-spooky-halloween-front-porch,NOT RELEVANT,
32 in. 60 in. cart,how-to-build-a-utility-cart,RELEVANT,cart
32 in. x 19.5 in. ronbow bathroom vanity top,best-bathroom-vanity-tops,RELEVANT,ronbow bathroom vanity top
32 in. x 60 in. flexstone shower pan,how-to-install-a-shower-pan,RELEVANT,pan flexstone shower
32 in. x 65 in. framed in bronze,stylish-bathroom-ideas-with-tile,NOT RELEVANT,frame bronze
32 in. x 78 in. entry door,how-to-install-an-exterior-door,RELEVANT,entry door
33 in. 4-hole double 5.5 in. sink with bowls,types-of-kitchen-sinks,RELEVANT,-hole double sink bowl
33 in. x 20 in. x 9 in. akdy farmhouse kitchen sink,kitchen-cabinet-ideas,NOT RELEVANT,akdy farmhouse kitchen sink
33 in. x 23.15 in. dollies,diy-pantry-renovation,NOT RELEVANT,dolly
33 in. x 43 in. vanity mirror,vanity-light-height,RELEVANT,vanity mirror
33.25 in. x 4 in. jalousie slat,how-to-build-a-floating-deck,NOT RELEVANT,jalousie slat
3308r-grn-u,how-to-make-a-christmas-globe,NOT RELEVANT,-grn u
33361blu,how-to-make-a-charging-station,NOT RELEVANT,
34 - 37 in. x 45 - 60 in. adjust-a-grate window wells,types-of-windows,RELEVANT,adjust grate window well
34 in. 72 in. 1 in. light,how-to-install-recessed-lighting,RELEVANT,light
34 in. blinds,best-motorized-blinds-for-your-home,RELEVANT,blind
34 in. x 24 in. bathroom vanities with top,best-bathroom-vanities-for-your-home,RELEVANT,bathroom vanity top
34 in. x 38 in. x 72 in. aston door,how-to-build-a-dog-playground,NOT RELEVANT,aston door
34 in. x 59 in. dollies,diy-pantry-renovation,NOT RELEVANT,dolly
34 in. x 81 in. pinecroft barn door,diy-barn-door,RELEVANT,pinecroft barn door
35 in. x 76 in. bronze,bedroom-makeovers-for-pre-teens,NOT RELEVANT,bronze
35.4 in. x 51 in. kids rug,backyard-ideas-for-kids,RELEVANT,kid rug
350 gph,how-to-replace-a-sump-pump,RELEVANT,gph
36 in. gala window curtain,types-of-window-treatments,RELEVANT,gala window curtain
36 in. sink null strainer,how-to-fix-sink-strainers,RELEVANT,sink null strainer
36 in. x 15 in. white toy storage,3-bathroom-renovations-3-different-styles,NOT RELEVANT,white toy storage
36 in. x 24 in. wall decal,wall-accents-for-bedrooms,RELEVANT,wall decal
36 in. x 24 in. x12.5 in. assembled kitchen cabinet,kitchen-cabinet-ideas,RELEVANT,assemble kitchen cabinet
36 in. x 30 in. home decorators collection hanging mirror,home-decorators-collection-customer-service,NOT RELEVANT,home decorator collection hanging mirror
36 in. x 36 in. grisham window security bar,best-window-film-for-your-home,NOT RELEVANT,grisham window security bar
36 in. x 36 in. x 76 in. shower stalls,best-shower-kits-for-your-bathroom,RELEVANT,shower stall
36 in. x 53 in. vin cupola,bedroom-makeovers-for-pre-teens,NOT RELEVANT,vin cupola
36 in. x 55 in. storm window,how-to-install-a-storm-door,RELEVANT,storm window
36 in. x 84 in. closet door,closet-door-ideas,RELEVANT,closet door
36 in. x 9 in. x 11.75 in. rack,3-bathroom-renovations-3-different-styles,NOT RELEVANT,rack
3600c5 sfp,types-of-cables-and-connectors-in-networking,NOT RELEVANT,sfp
38 in. 15. in. ladders,how-to-clean-gutters,RELEVANT,ladder
38 in. x 1 in. wall mirror,wall-art-ideas,NOT RELEVANT,wall mirror
3r 12 in. x 18 in. x 8 in. bracket,bedroom-makeovers-for-pre-teens,NOT RELEVANT,bracket
4 ft. willow with pattern,caladium-care-and-planting-caladiums,NOT RELEVANT,willow pattern
4 ft. x 4 ft. x 10.5 in. greenes fence planter box,diy-planter-box-trellis,RELEVANT,greenes fence planter box
4 hole 60 psi 4.8 in. x 12 in. hi run tire,how-to-replace-a-fill-valve,NOT RELEVANT,hole psi hi run tire
4 in. x 10 ft. pvc schedule 40 pipe,types-of-pipe-fittings,RELEVANT,pvc schedule pipe
4 in. x 12 in. x 18 ft. faux wood beam,how-to-install-faux-wood-blinds,NOT RELEVANT,faux wood beam
4 in. x 48 in. black matte grilles,creating-a-timeless-laundry-space,NOT RELEVANT,black matte grille
4 in. x 48 in. black-matte architectural grille grille,diy-potting-bench-apple-cider-bar,NOT RELEVANT,black matte architectural grille grille
4 makita masonry saw,types-of-masonry-and-concrete-anchors,NOT RELEVANT,makita masonry saw
4-light fixture with shades,how-to-install-a-light-fixture,RELEVANT,-light fixture shade
4-light key with shade,how-to-measure-a-lamp-shade,RELEVANT,-light key shade
4.5 in. x 2.25 in. x 2.25 in. boerboel gate latches,best-gate-hardware-for-your-fences,RELEVANT,boerboel gate latch
4.72 in. x 16 ft. x 003 in. underlayment,how-to-build-a-floating-deck,NOT RELEVANT,underlayment
40 watt b11 bulb,types-of-led-lights,RELEVANT,watt bulb
40.625 in. x 74.625 in. shower door,how-to-install-a-pivot-shower-door,RELEVANT,shower door
42 in. x 24 in. fire pit,best-fire-pits-for-your-backyard,RELEVANT,fire pit
42 in. x 4 in. variegated,how-to-build-a-dog-playground,NOT RELEVANT,variegate
44 48 in. x 30 in. x 80 in. shower enclosures,how-to-install-a-glue-up-shower-enclosure,RELEVANT,shower enclosures
44 in. x 22 in. bathroom vanities with top,bathroom-vanity-ideas,RELEVANT,bathroom vanity top
46 in. to 48 in. x 72 in. shower door,how-to-install-a-pivot-shower-door,RELEVANT,shower door
48 in. 6.7,how-to-install-a-rain-barrel,NOT RELEVANT,
48 in. x 15 in. hampton bay flush mount light,how-to-install-flush-and-semi-flush-mount-lighting,RELEVANT,hampton bay flush mount light
48 in. x 29 in. x 4.25 in. medicine cabinets with mirror,best-medicine-cabinets-for-your-bathroom,RELEVANT,medicine cabinet mirror
48 in. x 31 in. pegasus medicine cabinet,how-to-install-a-medicine-cabinet,RELEVANT,pegasus medicine cabinet
48 in. x 58 in. door in chrome,stylish-bathroom-ideas-with-tile,RELEVANT,door chrome
48 in. x 72 in. saw horses,best-circular-saw-blades-for-your-project,NOT RELEVANT,saw horse
48 in. x 79 in. door,how-to-install-bifold-doors,NOT RELEVANT,door
48 in. x 95 in. x 19 in. gronomics raised bed planter,diy-raised-garden-bed,RELEVANT,gronomics raise bed planter
49 in. 22 in. 35 in. glaze,how-to-sponge-paint,RELEVANT,glaze
4905-38-60x144-spicewood springs,best-mattresses-for-a-good-nights-sleep,NOT RELEVANT,---spicewood spring
5 gal #480f-4 paint,best-exterior-paint-for-your-home,RELEVANT,paint
5 gal #500f-4 paint,best-interior-paints,RELEVANT,paint
5 gal #hdgwn32 paint,how-to-paint-a-room,RELEVANT,paint
5 gal #hdgy15 paint,best-exterior-paint-for-your-home,RELEVANT,paint
5 gal #hdppgb30 paint with primer,how-to-paint-trim,RELEVANT,paint primer
5 gal #hdppgo21u paint with primer,how-to-paint-a-room,RELEVANT,paint primer
5 gal #hdppgo45 paint with primer,best-paint-roller-for-your-projects,RELEVANT,paint primer
5 gal #hdppgr49u paint with primer,best-paint-roller-for-your-projects,RELEVANT,paint primer
5 gal #hdppgv56u paint with primer,how-to-paint-a-room,RELEVANT,paint primer
5 gal #hdpwn28d zero paint,best-interior-paints,RELEVANT,zero paint
5 gal #m130-3 paint,best-interior-paints,RELEVANT,paint
5 gal #m310-4 paint,how-to-paint-a-ceiling,RELEVANT,paint
5 gal #ppu15-17 paint,best-exterior-paint-for-your-home,RELEVANT,paint
5 gal ppg1173-4 paint,types-of-paint-finishes,RELEVANT,paint
5 in. 1-light sconce with glass,types-of-light-bulbs,RELEVANT,-light sconce glass
5 in. x 10 in. porcelain tile,bathroom-tile-ideas,RELEVANT,porcelain tile
5 in. x 36 in. x 1 in. sill-rite moulding,how-to-brighten-up-a-room-with-a-fireplace-makeover,NOT RELEVANT,sill rite moulding
50 in. 84 in. x curtain panel,how-to-hang-curtain-rods,RELEVANT,curtain panel
50 lufkin tape measures,best-tape-measures,RELEVANT,lufkin tape measure
50-54 in. x 76 in. dreamline shower enclosures,tips-for-selecting-shower-doors,RELEVANT,dreamline shower enclosures
50-count multi-colored disposable tableware,cookout-tips,RELEVANT,-count multi colored disposable tableware
5160 series 46 mm 2012 ford f-250 4wd absorber for rear,stylish-bathroom-ideas-with-tile,NOT RELEVANT,mm ford series f- absorber rear
52 in. 56 in. x36 in. x 80 in. shower enclosures,how-to-install-a-shower-pan,RELEVANT,shower enclosures
52 in. series with door,diy-dutch-door-tutorial-with-schlage-smart-lock,NOT RELEVANT,series door
52 in. x 72 in. aston shower door,tips-for-selecting-shower-doors,RELEVANT,aston shower door
53.5 to 54 in. x 72 in. door in chrome,how-to-install-an-interior-door,RELEVANT,door chrome
54 in. x 54 in. x 5 in. mailbox posts,mailbox-garden-ideas,RELEVANT,mailbox post
55 in. x 22.5 in. bathroom vanity top,bathroom-vanity-ideas,RELEVANT,bathroom vanity top
56 in. 60 in. x 75 in. alcove shower door,how-to-clean-glass-shower-doors,RELEVANT,alcove shower door
56 to 60 in. x 58 in. dreamline bathtub door,types-of-bathtubs,RELEVANT,dreamline bathtub door
56 to 60 in. x 76 in. dreamline shower enclosures,best-shower-kits-for-your-bathroom,RELEVANT,dreamline shower enclosures
58 in. x 58 in. white la linen tablecloth,creating-a-timeless-laundry-space,NOT RELEVANT,white la linen tablecloth
59 in. x 80 in. sliding door,how-to-install-barn-doors,RELEVANT,slide door
590 in. x 17.71 in. wall mural,3-bathroom-renovations-3-different-styles,NOT RELEVANT,wall mural
6 in. x 12 in. nickel grilles,how-to-build-a-floating-deck,RELEVANT,nickel grille
6 in. x 18 in. glossy tile,how-to-build-a-dog-playground,NOT RELEVANT,glossy tile
6 in. x 3 in. art3d tile backsplashes,bathroom-tile-ideas,RELEVANT,tile backsplashes
6 in. x 42 in. storage box,closet-organization-ideas,RELEVANT,storage box
6-light 30 in. pendant,types-of-led-lights,NOT RELEVANT,-light pendant
6-light logan collection chrome pendant,new-lighting-technology-enhances-smart-controls,NOT RELEVANT,-light logan collection chrome pendant
6-outlet commercial electric surge protector,best-surge-protectors-for-your-home,RELEVANT,-outlet commercial electric surge protector
6-piece screwdriver set,impact-drivers-vs-drills,NOT RELEVANT,-piece screwdriver set
6.5 in. x 9 in. shelving bracket,how-to-hang-shelves,RELEVANT,shelve bracket
60 in. x 20 in. ove decors vanity,stylish-bathroom-ideas-with-tile,RELEVANT,ove decors vanity
60 in. x 62 in. shower enclosures,how-to-install-a-shower-pan,RELEVANT,shower enclosures
60w t14 bulb with white,types-of-led-lights,RELEVANT,bulb white
61 in. 22 in. 35 in. glaze,how-to-sponge-paint,RELEVANT,glaze
61355gy a,types-of-tube-lights,NOT RELEVANT,
63.25 in. x 32.375 in. x 72 in. 62.25 in. hinged,how-to-build-a-dog-playground,NOT RELEVANT,hinge
66.6 clear packing tape,how-to-pack-for-a-move,RELEVANT,clear packing tape
67 in. x 72 in. door,how-to-install-an-exterior-door,RELEVANT,door
6700 copper,types-of-fittings-for-gas-and-water-pipes,NOT RELEVANT,copper
68 72 in. x36 in. x80 in. shower enclosures,how-to-install-a-direct-to-stud-shower-enclosure,RELEVANT,shower enclosures
69.25 70.25 in. x 72 in. aston alcove shower door,best-shower-kits-for-your-bathroom,RELEVANT,aston alcove shower door
7 ft. x 5 ft. sports rug,how-to-brighten-up-a-room-with-a-fireplace-makeover,RELEVANT,sport rug
7 in. x 42 in. x 4 in. shelf,creating-a-timeless-laundry-space,NOT RELEVANT,shelf
7 in. x 8 in. multi litton lane outdoor lantern,back-porch-ideas,RELEVANT,litton lane multi outdoor lantern
7.75 in. glaze,how-to-sponge-paint,RELEVANT,glaze
70 lbs. 2-bike mounted,choosing-a-bike-rack-for-a-car,RELEVANT,lbs -bike mount
70.9 in. bathtub in white,how-to-clean-your-bathtub,RELEVANT,bathtub white
72 in. x 30 in. vanity mirror,vanity-light-height,RELEVANT,vanity mirror
72 in. x 36 in. alcove bathtub,how-to-remove-and-replace-a-bathtub,RELEVANT,alcove bathtub
7202 1 in. x 2 in. x 96 in. door moulding,types-of-moulding,RELEVANT,door mould
73 in. 22 in. 35 in. glaze,how-to-sponge-paint,RELEVANT,glaze
73 in. x 18 in. garage storage shelves,garage-storage-ideas,RELEVANT,garage storage shelf
75 in. x 81.75 in. patio door,how-to-install-a-storm-door,RELEVANT,patio door
75 watt 4-light led,how-to-replace-recessed-lighting-with-led,RELEVANT,watt -light lead
78 in. x 59 in. hot tub cover,how-to-clean-a-hot-tub,RELEVANT,hot tub cover
79 in. vertical blind,how-to-measure-for-vertical-blinds,RELEVANT,vertical blind
7x7 glass tile,backsplash-ideas,RELEVANT,glass tile
8 ft. destin-lx with right retractable awning,best-types-of-bird-seed-for-your-backyard-birds,NOT RELEVANT,destin lx right retractable awning
8 in. 1-light led,types-of-led-lights,RELEVANT,-light lead
8 in. x 10 in. pvc fitting,types-of-pipes,RELEVANT,pvc fitting
8 in. x 18 in. retaining wall block,how-to-build-retaining-wall,RELEVANT,retain wall block
8 in. x 36 in. ceramic tile,bathroom-tile-ideas,RELEVANT,ceramic tile
8 oz #hdppgy61d sample,how-to-choose-a-paint-color,RELEVANT,oz sample
8-piece patio with cushions,small-patio-ideas,RELEVANT,-piece patio cushion
84 in. x 90 in. taupe blanket,creating-a-timeless-laundry-space,NOT RELEVANT,taupe blanket
84-box 3 bedroom moving,how-to-pack-for-a-move,RELEVANT,-box bedroom move
87 in. x 87 in. hot tub cover,how-to-move-a-hot-tub,RELEVANT,hot tub cover
9 in. x 9 in. 10mm tile,porcelain-vs-ceramic-tiles,RELEVANT,tile
9.75 in. x 16.75 in. shop towel,best-bath-towels-for-your-bathroom,RELEVANT,shop towel
90 in. x 80 in. sliding door,how-to-install-barn-doors,RELEVANT,slide door
9526-ant,how-to-get-rid-of-ants,RELEVANT,-ant
96 in. x 36 in. deck railing system,deck-ideas,RELEVANT,deck rail system
a-96135-copper-s,types-of-fittings-for-gas-and-water-pipes,NOT RELEVANT,copper
abigails plant pot,create-chemistry-diy-copper-patina-pots,NOT RELEVANT,abigails plant pot
access lighting 13.8 in. 5 watt led,led-vs-fluorescent,RELEVANT,watt access lighting lead
access lighting 4 watt led,light-bulb-brightness,RELEVANT,access light watt lead
acrylic sheet building,how-to-cut-plexiglass,RELEVANT,acrylic sheet building
adorno drawer pull,types-of-cabinet-hinges,RELEVANT,adorno drawer pull
afh6 wh,renovating-a-36-year-old-bathroom-with-delta-upstile,NOT RELEVANT,wh
air filter oil,how-to-clean-an-air-conditioner-filter,RELEVANT,air filter oil
alfi brand 8 in. 2-handle mount in nickel,renovating-a-36-year-old-bathroom-with-delta-upstile,RELEVANT,alfi brand -handle mount nickel
all-pro 180 deg sensor,how-to-test-fuel-injectors,NOT RELEVANT,pro deg sensor
allspace storage tote,garage-storage-ideas,RELEVANT,allspace storage tote
amantus tile,how-to-install-tile-floor,RELEVANT,amantus tile
amaryllo wired security camera,diy-home-security-systems-guide,RELEVANT,amaryllo wire security camera
ambra 90 pack 2 no,back-porch-ideas,NOT RELEVANT,ambra pack
american standard 3 flowise 2-piece 1.28 toilet,how-to-install-a-toilet,RELEVANT,american standard flowise -piece toilet
amerimax home products 5 in. seamers,smart-home-updates-for-a-comfortable-home,NOT RELEVANT,amerimax home product seamers
amerimax home products gutter seamer,types-of-gutters,RELEVANT,amerimax home product gutter seamer
anchors,how-to-use-a-drywall-anchor,RELEVANT,anchor
animated christmas villages,how-to-decorate-a-christmas-tree,NOT RELEVANT,christmas animate village
anzo usa 2002-2009 w,cozy-she-shed¬†office-transformation-,NOT RELEVANT,anzo usa w
apec water systems water filter part,types-of-water-filters,RELEVANT,apec water system water filter part
apollo regulator with gauge,best-sprinkler-valves-for-your-yard,RELEVANT,apollo regulator gauge
aqua bouncecomfort bath mat,best-bath-towels-for-your-bathroom,RELEVANT,aqua bouncecomfort bath mat
aquatic bathroom vanities with top,how-to-install-a-bathroom-vanity,RELEVANT,aquatic bathroom vanity top
assembly with sienna,3-bathroom-renovations-3-different-styles,NOT RELEVANT,assembly sienna
athens cabinet knob,types-of-door-knobs,RELEVANT,athens cabinet knob
aura outdoor products grill rack,types-of-grills,RELEVANT,aura outdoor product grill rack
avanity 42 in. cabinet in white,kitchen-cabinet-ideas,RELEVANT,avanity cabinet white
avanity sink faucet,how-to-replace-a-bathroom-faucet,RELEVANT,avanity sink faucet
azalea,best-shrubs-and-trees-for-your-garden,RELEVANT,azalea
azaleas,best-shrubs-and-trees-for-your-garden,RELEVANT,azalea
azelea,best-shrubs-and-trees-for-your-garden,RELEVANT,azelea
backup generator,types-of-generators-for-your-home,RELEVANT,backup generator
bancroft cabinet pull,how-to-install-cabinet-handles,RELEVANT,bancroft cabinet pull
barb wire fence,how-to-install-a-chain-link-fence,RELEVANT,barb wire fence
barhroom vanity,bathroom-vanity-ideas,RELEVANT,barhroom vanity
bath assist bar,stylish-bathroom-ideas-with-tile,RELEVANT,bath assist bar
bathroom exhaust fan with led light,how-to-replace-recessed-lighting-with-led,NOT RELEVANT,bathroom exhaust fan lead light
bayberry bar stool,how-to-measure-bar-stools,RELEVANT,bayberry bar stool
bayport tv stand,how-to-mount-a-flat-screen-tv-on-a-wall,RELEVANT,bayport tv stand
beadex brand drywall joint compound,how-to-patch-drywall,RELEVANT,beadex brand drywall joint compound
becky cameron ruffle,how-to-put-on-a-duvet-cover,NOT RELEVANT,becky cameron ruffle
behr 1 gal #n260-3 paint,types-of-paint-finishes,RELEVANT,paint behr
behr 1 gal #n350-7 paint,how-to-choose-a-paint-color,RELEVANT,paint behr
behr 1 gal #p520-6 paint,types-of-paint-finishes,RELEVANT,paint behr
behr 5 gal #500b-5 paint,types-of-paint-finishes,RELEVANT,paint behr
behr 5 gal #m390-7 hills of paint,types-of-paint-finishes,RELEVANT,behr hill paint
behr 5 gal #or-w05 paint,types-of-paint-finishes,RELEVANT,behr or- paint
behr paint brushes,how-to-clean-paint-brushes,RELEVANT,behr paint brush
behr premium 1 gal #cd-808 dye,styling-a-she-shed-with-shiplap-walls,NOT RELEVANT,behr premium cd- dye
behr pro 5 gal i300 paint,best-interior-paints,RELEVANT,behr pro paint
beige bamboo flooring,best-hardwood-floors-for-your-home,RELEVANT,beige bamboo floor
bench with ottoman,how-to-build-a-storage-ottoman,RELEVANT,bench ottoman
big air ceiling fans without light,how-to-measure-for-a-ceiling-fan,RELEVANT,big air ceiling fan without light
big christmas lights,christmas-lights-infographic,RELEVANT,big christmas light
big red truck bed accessories,best-truck-accessories-for-your-pickup,RELEVANT,big red truck bed accessory
bin in red,how-to-make-a-worm-bin,RELEVANT,bin red
biobidet seat for toilet,how-to-install-a-toilet-seat,RELEVANT,biobidet seat toilet
bk products standard kitchen faucet,how-to-install-a-single-handle-kitchen-faucet,RELEVANT,bk product standard kitchen faucet
black cabinet,best-kitchen-cabinets-for-your-home,RELEVANT,black cabinet
black laminate flooring,how-to-install-laminate-flooring,RELEVANT,black laminate floor
black manchester mailbox,mailbox-garden-ideas,RELEVANT,black manchester mailbox
black stainless steel appliances,how-to-clean-stainless-steel,RELEVANT,black stainless steel appliance
blue brinks combination safe lock,types-of-door-locks,NOT RELEVANT,blue brink combination safe lock
blue exterior paint,best-exterior-paint-for-your-home,RELEVANT,blue exterior paint
blue mechanical heating supply boiler,types-of-gas-and-water-supply-lines,RELEVANT,blue mechanical heating supply boiler
branson dining room set,4-questions-to-help-you-choose-the-best-dining-room-table,RELEVANT,branson dining room set
brick floor tile,how-to-set-a-pattern-in-floor-tile,RELEVANT,brick floor tile
brita shower filter,types-of-water-filters,RELEVANT,brita shower filter
bronze towel rack,pot-lid-organization-ideas,NOT RELEVANT,bronze towel rack
brooke red bedroom benches,master-bedroom-ideas,RELEVANT,brooke red bedroom bench
broyhill 13 in. mattress,best-mattresses-for-a-good-nights-sleep,RELEVANT,broyhill mattress
bsi products 1 ft. x 1.5 ft. 2-sided #11213 flag with pole,pole-saw-buying-guide,NOT RELEVANT,bsi product -sided flag pole
buddy products 5-pocket display in cherry,how-to-make-an-address-display-planter,RELEVANT,buddy product -pocket display cherry
bullard face shield,types-of-respirator-masks,RELEVANT,bullard face shield
canapy,how-to-build-a-pergola,RELEVANT,canapy
carmel oak trafficmaster hardwood flooring,how-to-install-hardwood-flooring,RELEVANT,carmel oak trafficmaster hardwood flooring
casainc chaise lounges,pool-furniture-buying-guide,RELEVANT,casainc chaise lounge
casainc outdoor couches,how-to-build-an-outdoor-sofa,NOT RELEVANT,casainc outdoor couch
centric parts rearward,the-best-ice-cream-makers-for-homemade-frozen-treats,NOT RELEVANT,centric part rearward
certified international dogs,dog-friendly-gardening-tips,NOT RELEVANT,certify international dog
chamois mahogany wood floor trim,how-to-paint-trim,RELEVANT,chamois mahogany wood floor trim
chestnut chesapeake wallpaper samples,how-to-hang-a-wallpaper-border,RELEVANT,chestnut chesapeake wallpaper sample
chilled gray avanity medicine cabinet,best-medicine-cabinets-for-your-bathroom,RELEVANT,chill gray avanity medicine cabinet
coffee patio dining tables,create-your-own-patio-collection,RELEVANT,coffee patio dining table
cold water pressure washer hose,how-to-use-a-pressure-washer,RELEVANT,hose cold water pressure washer
colonial mills ebony,furniture-refinishing-with-varathane-premium-interior-wood-stain,NOT RELEVANT,colonial mills ebony
comforters,how-to-wash-a-comforter,RELEVANT,comforter
company store legacy velvet flannel king fitted,how-to-fold-a-fitted-sheet,RELEVANT,company store legacy velvet flannel king fit
composite interior double door,types-of-interior-doors,RELEVANT,composite interior double door
compost sak composter,how-to-compost,RELEVANT,compost sak composter
concrete repair mix,how-to-repair-cracks-in-a-concrete-driveway,RELEVANT,concrete repair mix
contemporary black living room set,gray-living-room-ideas,RELEVANT,contemporary black living room set
copper mesh scourer scouring pad,modern-breakfast-in-bed-tray-from-copper-pipe,NOT RELEVANT,copper mesh scourer scour pad
cordinate surge protector,best-surge-protectors-for-your-home,RELEVANT,cordinate surge protector
cordless blackout cellular shade,how-to-install-blinds-or-shades,RELEVANT,cordless blackout cellular shade
cork handle finishing trowel,3-bathroom-renovations-3-different-styles,NOT RELEVANT,cork handle finish trowel
corolla dresser,master-bedroom-ideas,RELEVANT,corolla dresser
corvette c6 trademark bar stool,home-bar-ideas,RELEVANT,corvette trademark bar stool
courtyard casual outdoor lounge chair,outdoor-decor-ideas,RELEVANT,courtyard casual outdoor lounge chair
cream peel and stick backsplash,transform-your-bathroom-with-peel-and-stick-tiles,RELEVANT,cream peel stick backsplash
cresswell 28 in. lamp,types-of-lamps-for-the-living-room-and-more,RELEVANT,cresswell lamp
crestaceous fossil length molding,lifeproof-luxury-vinyl-plank-flooring,NOT RELEVANT,crestaceous fossil length molding
critter sitters green makeup vanities,makeup-vanity-ideas,RELEVANT,critter sitters green makeup vanity
custom roman shades,how-to-install-blinds-or-shades,RELEVANT,custom roman shade
daltile corner shelf,shelving-ideas,RELEVANT,daltile corner shelf
danco faucet hose adapter,how-to-install-a-single-handle-kitchen-faucet,RELEVANT,danco faucet hose adapter
dark laminate flooring,types-of-flooring,RELEVANT,dark laminate floor
decolav bathroom wall cabinet,bathroom-vanity-ideas,RELEVANT,decolav bathroom wall cabinet
decorative light fixtures,how-to-install-a-hanging-light-fixture,RELEVANT,decorative light fixture
defiant 3-light led to light,how-to-replace-recessed-lighting-with-led,RELEVANT,defiant -light lead light
deluxe brazing goggles,create-a-kids-road-trip-game-box,NOT RELEVANT,deluxe braze goggles
denise console tables,console-table-ideas,RELEVANT,denise console table
dewalt jump with compressor,best-air-compressors-for-your-project,RELEVANT,dewalt jump compressor
dewalt led light,types-of-led-lights,RELEVANT,dewalt lead light
diaz accent chair,three-ways-to-style-a-bedroom-nook,NOT RELEVANT,diaz accent chair
dickies work vest,how-to-create-a-home-office-in-any-corner-of-your-home,NOT RELEVANT,dicky work vest
diecast door lever,how-to-remove-a-door-knob,RELEVANT,diecast door lever
dining chair homestyles dining chair,4-questions-to-help-you-choose-the-best-dining-room-table,RELEVANT,dining chair homestyles din chair
direct vanity sink 32 in. vanity in white,types-of-bathroom-sinks,RELEVANT,direct vanity sink vanity white
direct wicker outdoor benches,creating-a-cozy-patio-space,RELEVANT,direct wicker outdoor bench
directbrand water heater accessories,when-to-replace-a-water-heater,RELEVANT,directbrand water heater accessory
docapole pruning saw,how-to-use-a-hand-saw,RELEVANT,docapole pruning saw
door jamb kit,how-to-install-split-jamb-interior-doors,RELEVANT,door jamb kit
door lock with key,types-of-door-locks,RELEVANT,door lock key
doorbell buttons,how-to-install-a-doorbell,RELEVANT,doorbell button
double steel for doors,types-of-interior-doors,RELEVANT,double steel door
drain adpater,types-of-fittings-for-gas-and-water-pipes,NOT RELEVANT,drain adpater
drive straight anchor,how-to-use-an-impact-driver,RELEVANT,drive straight anchor
drive straight sheet metal screw,how-to-install-metal-roofing,RELEVANT,drive straight sheet metal screw
dura-lift garage door seal,garage-door-maintenance-tips,RELEVANT,dura lift garage door seal
dusk blue bath mat,best-bath-towels-for-your-bathroom,NOT RELEVANT,dusk blue bath mat
e150mw 06x10,how-to-charge-a-car-battery,NOT RELEVANT,
e4d7-t-copper,types-of-fittings-for-gas-and-water-pipes,RELEVANT,-t copper
earthmark raised garden bed,diy-raised-garden-bed,RELEVANT,earthmark raise garden bed
eaton type main breaker meter breaker euserc,types-of-circuit-breakers,RELEVANT,eaton type main breaker meter breaker euserc
ecco mechanics work light,best-work-light-for-you,RELEVANT,ecco mechanic work light
eco mount,how-to-measure-for-cellular-pleated-roman-shades,NOT RELEVANT,eco mount
ecos scented hand soap,how-to-make-soap,RELEVANT,ecos scented hand soap
elbow in purple,six-step-walk-in-shower-install,NOT RELEVANT,elbow purple
electric,types-of-electrical-wires-and-cables,RELEVANT,electric
electrical wall boxes,how-to-buy-electrical-panels,RELEVANT,electrical wall box
elena dining room set,adding-a-touch-of-winter-to-our-dining-room-,RELEVANT,elena dining room set
em - 38150,creating-a-ghostly-graveyard-for-halloween,NOT RELEVANT,em
emerson 80 series thermostat,best-thermostats-for-your-home,RELEVANT,emerson series thermostat
empire vanity mirror,vanity-light-height,RELEVANT,empire vanity mirror
emsco landscape rock,how-to-use-landscape-fabric,RELEVANT,emsco landscape rock
epoxy adhesives,types-of-glue-and-adhesives,RELEVANT,epoxy adhesive
erb s662 3 economy mesh,how-to-repair-or-replace-window-screens,NOT RELEVANT,erb economy mesh
erias home designs,home-office-shed-transformation,NOT RELEVANT,erias home design
eurofase 12-light chandelier,best-chandeliers-for-your-home,RELEVANT,eurofase -light chandelier
everbilt #18 x 250 ft. braided,3-bathroom-renovations-3-different-styles,NOT RELEVANT,everbilt braid
exotic fire glass fire glass,fire-pit-ideas,RELEVANT,exotic fire glass fire glass
extra roller kit,best-paint-roller-for-your-projects,RELEVANT,extra roller kit
eza585 bz,types-of-tube-lights,NOT RELEVANT,bz
f40000 30 in. convertible under hood,how-to-install-a-range-hood,RELEVANT,convertible hood
f870l-bs,how-to-get-rid-of-fire-ants,NOT RELEVANT,-bs
fail safe grow light kit,create-a-diy-indoor-grow-light-system,RELEVANT,fail safe grow light kit
faucet with plate,best-kitchen-faucets-for-your-home,RELEVANT,faucet plate
faultless handleset with lever,types-of-door-knobs,RELEVANT,faultless handleset lever
faux brick wallpaper,how-to-clean-wallpaper,RELEVANT,faux brick wallpaper
feit electric 75 watt bulb,types-of-led-lights,RELEVANT,feit electric watt bulb
feit electric recessed,types-of-led-lights,RELEVANT,feit electric recess
fiberboard,types-of-drywall,NOT RELEVANT,fiberboard
fire pit essentials cowboy,fire-pit-ideas,RELEVANT,fire pit essential cowboy
fireplace tile,best-fireplace-accessories-for-your-home,RELEVANT,fireplace tile
flex drain polyethylene pipe fitting,types-of-fittings-for-gas-and-water-pipes,RELEVANT,flex drain polyethylene pipe fitting
folding patio chair,small-patio-ideas,RELEVANT,fold patio chair
formica laminate countertop,types-of-countertop-edges,RELEVANT,formica laminate countertop
framing gun,best-nail-guns-for-your-project,RELEVANT,frame gun
freeman 2-in-1 16-gauge handle,6-steps-for-installing-laminate-flooring,RELEVANT,freeman -in- -gauge handle
fresca 1-handle faucet in chrome,how-to-repair-a-ball-faucet,RELEVANT,fresca -handle faucet chrome
furnace filter 20x25x1,how-to-clean-an-air-conditioner-filter,RELEVANT,furnace filter
garden plants,container-garden-ideas,RELEVANT,garden plant
garden safe natural pest management,how-to-humanely-control-pests-in-your-garden,RELEVANT,garden safe natural pest management
garden water can,best-garden-hoses-for-your-yard,NOT RELEVANT,garden water
gas worldlawn snow blower,how-to-use-a-snow-blower,RELEVANT,gas worldlawn snow blower
ge 15 amp breaker,types-of-circuit-breakers,RELEVANT,ge amp breaker
ge slate range hood,how-to-install-a-range-hood,RELEVANT,ge slate range hood
gearwrench headlamp,how-to-replace-a-power-cord-plug,NOT RELEVANT,gearwrench headlamp
general finishes interior wood stain,types-of-wood-stains,RELEVANT,general finish interior wood stain
generation lighting designer collections 55.125 in. degeneres by penny,new-lighting-technology-enhances-smart-controls,RELEVANT,generation lighting designer collection degeneres penny
glacier bay alcove shower door,tips-for-selecting-shower-doors,RELEVANT,glacier bay alcove shower door
gladiator workbench,garage-storage-ideas,RELEVANT,gladiator workbench
glidden essentials 1 gal ppg1193-2 paint,how-to-paint-a-room,RELEVANT,glidden essentials paint
glidden premium 1 gal ppg1076-1 paint,how-to-paint-a-room,RELEVANT,glidden premium paint
glidden premium 1 qt ppg1031-7 paint,bedroom-paint-ideas,RELEVANT,glidden premium qt paint
glidden premium 1 qt ppg1107-5 paint,bedroom-paint-ideas,RELEVANT,glidden premium qt paint
glidden premium 1 qt ppg1150-4 paint,painting-tips-and-tricks,RELEVANT,glidden premium qt paint
glidden premium 5 gal #hdgy55d paint,how-to-use-a-paint-sprayer-,RELEVANT,glidden premium paint
glidden premium 8 oz ppg1137-4 sample,furniture-refinishing-with-varathane-premium-interior-wood-stain,NOT RELEVANT,glidden premium oz sample
granite tiles,porcelain-vs-ceramic-tiles,NOT RELEVANT,granite tile
graphite modern threads duvet cover,how-to-put-on-a-duvet-cover,RELEVANT,graphite modern thread duvet cover
grass seed zoysia,how-to-patch-a-lawn-with-seed,RELEVANT,grass zoysia seed
grey royale linens comforter,neutral-nursery-ideas,NOT RELEVANT,grey royale linens comforter
gu10 smart light bulb,types-of-light-bulbs,RELEVANT,smart light bulb
gutter screws,how-to-clean-gutters,RELEVANT,gutter screw
gvpar14x3802sf,day-of-the-dead-halloween-porch,NOT RELEVANT,
gx23 cfl bulb,light-bulb-brightness,RELEVANT,cfl bulb
hampton bay 30 in. pit in black,hampton-bay-customer-service,RELEVANT,hampton bay pit black
hampton bay aluminum mini blind,how-to-install-blinds-or-shades,RELEVANT,hampton bay aluminum mini blind
hampton bay bathroom shelves,how-to-install-a-bathroom-vanity,RELEVANT,hampton bay bathroom shelf
hampton bay butcher block countertop,hampton-bay-customer-service,RELEVANT,hampton bay butcher block countertop
hampton bay designer series 9 in. x 34.5 in. x 23.75 in. assembled in espresso,hampton-bay-customer-service,NOT RELEVANT,hampton bay designer series assemble espresso
hampton bay door chime,how-to-install-a-doorbell,RELEVANT,hampton bay door chime
hampton bay laminate kit,hampton-bay-customer-service,NOT RELEVANT,hampton bay laminate kit
hampton bay show,best-patio-furniture-for-your-outdoor-living-space,RELEVANT,hampton bay show
hampton bay sq.,hampton-bay-customer-service,RELEVANT,hampton bay sq
hand planner,best-lathes-and-planers-for-your-project,RELEVANT,hand planner
hand trowel,how-to-install-a-cement-board,RELEVANT,hand trowel
hdgr21px-05s,best-herbs-for-tea,NOT RELEVANT,
hdhr12ea5x8,day-of-the-dead-halloween-porch,NOT RELEVANT,
hemlock wall handrail,osha-guardrail-requirements,NOT RELEVANT,hemlock wall handrail
hillsdale furniture brushed,how-to-move-heavy-furniture,RELEVANT,hillsdale furniture brush
hippo on kids,playroom-ideas,RELEVANT,hippo kid
hk-301,the-amazing-13-pumpkins-spooky-outdoor-halloween-display,NOT RELEVANT,hk-
hk376a-24,installing-a-paver-patio-and-fire-pit-from-the-ground-up,NOT RELEVANT,
hk78c-4r,best-chainsaws-for-your-project,NOT RELEVANT,
"homcomfort 11,000 btu lp top heater",water-heater-maintenance,NOT RELEVANT,homcomfort btu lp top heater
home basics craft storage,garage-storage-ideas,NOT RELEVANT,home basic craft storage
home decorators collection 25 in. 22 in. pine,best-bath-towels-for-your-bathroom,NOT RELEVANT,home decorator collection pine
home decorators collection 38 in. table,home-decorators-collection-customer-service,NOT RELEVANT,home decorator collection table
home decorators collection 38 in. vanity,best-bathroom-vanities-for-your-home,RELEVANT,home decorator collection vanity
home decorators collection 44 in. backsplash in white,semi-flush-mount-and-flush-mount-buying-guide-,NOT RELEVANT,home decorator collection backsplash white
home decorators collection 6-light pendant,best-kitchen-cabinets-for-your-home,NOT RELEVANT,home decorator collection -light pendant
home decorators collection top,home-decorators-collection-customer-service,RELEVANT,home decorator collection top
home master whole house water filter,how-to-install-a-whole-house-water-filter,RELEVANT,home master whole house water filter
hooks hook,garage-storage-ideas,RELEVANT,hooks hook
hose to distributor,irrigation-tips-and-ideas,RELEVANT,hose distributor
hp062,buying-an-inverter-generator,NOT RELEVANT,
hugger 52 in. led indoor white ceiling fan with light kit,how-to-install-a-ceiling-fan,RELEVANT,hugger lead indoor white ceiling fan light kit
husky pvc pipe cutter,how-to-cut-pipe-and-tubing,RELEVANT,husky pvc pipe cutter
hvctnd673122zb8,how-to-make-a-home-feel-warm-and-cozy,RELEVANT,
hydrohose 2 in. 50 ft. series with nozzle,best-garden-hoses-for-your-yard,RELEVANT,hydrohose series nozzle
hydrotech water filtration system,how-water-softeners-work,NOT RELEVANT,hydrotech water filtration system
iceberg roses,how-to-care-for-roses-in-summer,RELEVANT,iceberg rose
ideal security door closer,best-smart-locks-for-home-security,RELEVANT,ideal security door closer
imports decor vulcanized,6-easy-ways-to-decorate-with-poinsettias,NOT RELEVANT,import decor vulcanize
indoor trees,how-to-grow-indoor-trees,RELEVANT,indoor tree
industrial air 120 gal compressor,best-air-compressors-for-your-project,RELEVANT,industrial air compressor
industrial sink,how-to-install-an-undermount-sink-,RELEVANT,industrial sink
innoci-usa one piece toilet,how-to-install-a-toilet,RELEVANT,innoci usa one piece toilet
interdesign freestanding shelving unit,shelving-ideas,RELEVANT,interdesign freestanding shelve unit
irrigation controller,best-sprinkler-valves-for-your-yard,RELEVANT,irrigation controller
ivy hill tile granite tile,bathroom-tile-ideas,RELEVANT,ivy hill tile granite tile
jackson outdoor dining chair,create-your-own-patio-collection,RELEVANT,jackson outdoor dining chair
jacobs specialty power tool accessories,how-to-use-a-rotary-tool,RELEVANT,jacobs specialty power tool accessories
jigsaw blade,how-to-use-a-jigsaw,RELEVANT,jigsaw blade
jlj8nv rg xxl,how-to-solder-jewelry,NOT RELEVANT,rg xxl
k-1122-la-0,setting-the-table-for-friendsgiving,NOT RELEVANT,k la-
kidde i12060,how-to-install-a-smoke-detector,RELEVANT,kidde
kids kit,summer-projects-for-kids,RELEVANT,kids kit
king bed teal stylewell bed,how-to-make-a-bed,RELEVANT,king bed teal stylewell bed
klein tools 9 in. duty,best-electrical-testers-and-meters-for-voltage-diagnosis,RELEVANT,klein tool duty
klein tools electronics,best-electrical-testers-and-meters-for-voltage-diagnosis,RELEVANT,klein tools electronics
klein tools tape measures,best-tape-measures,RELEVANT,klein tool tape measure
kohler 2-piece 1.28 toilet in biscuit,the-best-toilet-for-your-home,RELEVANT,kohler -piece toilet biscuit
kohler 22.25 in. sink in sandbar,types-of-kitchen-sinks,RELEVANT,kohler sink sandbar
laguna point patio furniture,best-patio-furniture-for-your-outdoor-living-space,RELEVANT,laguna point patio furniture
laminate floor sealant,types-of-flooring,RELEVANT,laminate floor sealant
lbl lighting 1-light led,recessed-lighting-buying-guide,RELEVANT,lbl lighting -light lead
led sunlite uv light bulb,types-of-led-lights,RELEVANT,lead sunlite uv light bulb
led vanity light,light-bulb-brightness,RELEVANT,lead vanity light
legrand conduit elbow,how-to-cement-pvc-conduit-for-electrical-wiring,RELEVANT,legrand conduit elbow
leica laser distance measurer,how-to-measure-distance-with-a-laser,RELEVANT,leica laser distance measurer
lever face plate,electrical-outlet-types,NOT RELEVANT,lever face plate
"leviton 15 amp 9-outlet 2020 joules, 15 ft. protected null switch",types-of-wall-plates,NOT RELEVANT,leviton amp -outlet joule protect null switch
lilac cloth napkins,how-to-fold-napkins-creatively,RELEVANT,lilac cloth napkins
liquid drain cleaner,how-to-unclog-a-shower-drain,RELEVANT,liquid drain cleaner
lit4002a-set2,how-to-fix-christmas-tree-lights,NOT RELEVANT,
lithonia lighting 24 in. led under light,light-bulb-brightness,RELEVANT,lithonia light lead light
ll1c14x04200wh,6-easy-bathroom-project-ideas-you-can-complete-in-a-weekend,NOT RELEVANT,
ll6c12x02400wh,6-easy-bathroom-project-ideas-you-can-complete-in-a-weekend,NOT RELEVANT,
load washer,front-load-washer-vs-top-load-washer,RELEVANT,load washer
luan plywood,types-of-lumber,RELEVANT,luan plywood
lutron 600 watt dimmer with eco-dim,best-dimmer-switches-for-your-home,RELEVANT,lutron watt dimmer eco dim
lutron maestro dimmer,how-to-install-a-dimmer-switch,RELEVANT,lutron maestro dimmer
luxen home pre lit christmas trees,the-gift-of-christmas-decor,RELEVANT,luxen home pre light christmas tree
m18 18 volt 2.0ah pack,how-to-cut-holiday-letters-with-a-jigsaw,NOT RELEVANT,volt pack
m18 rotary hammer,types-of-drill-bits,RELEVANT,rotary hammer
magswitch welding clamp,how-to-flux-core-weld,NOT RELEVANT,magswitch weld clamp
makita 120 mph 473 cfm 18 volt x2 blower,best-leaf-blowers-for-your-yard,RELEVANT,makita mph cfm volt blower
marcius gray pouf,gray-bathroom-ideas,NOT RELEVANT,marcius gray pouf
mastercool whole house evaporative cooler,evaporative-cooler-installation,RELEVANT,mastercool whole house evaporative cooler
matrix decor pull down kitchen faucet,how-to-install-a-single-handle-kitchen-faucet,RELEVANT,matrix decor pull kitchen faucet
matte black gun safes,renovating-a-36-year-old-bathroom-with-delta-upstile,NOT RELEVANT,matte black gun safe
mattress topper mattress topper,how-to-pick-the-best-mattress-accessories,RELEVANT,mattress topper mattress topper
max blackout curtain,how-to-measure-curtains,RELEVANT,max blackout curtain
maxxsonics cell phones,how-to-solder-jewelry,NOT RELEVANT,maxxsonics cell phone
mc39779,types-of-circuit-breakers,NOT RELEVANT,
mdf wall panel,types-of-plywood,RELEVANT,mdf wall panel
me7-bt,types-of-generators-for-your-home,NOT RELEVANT,-bt
merola tile 12 in. x 12 in. 2 mm tile,colored-grout-and-new-tile-create-fresh-bathroom-look,RELEVANT,mm merola tile tile
merola tile nero ceramic tile,bathroom-tile-ideas,RELEVANT,merola tile nero ceramic tile
merola tile offset,how-to-install-a-tile-backsplash,RELEVANT,merola tile offset
metric allen hex key set,how-to-fix-a-leaky-faucet,RELEVANT,metric allen hex key set
milwaukee light,how-many-lumens-needed-for-outdoor-lighting,RELEVANT,milwaukee light
milwaukee wrench set,how-to-use-a-ratchet,RELEVANT,milwaukee wrench set
mississippi patio dining set,small-patio-ideas,RELEVANT,mississippi patio dining set
mk207,how-to-replace-a-power-cord-plug,NOT RELEVANT,
modway drop in bathroom sink,how-to-install-an-undermount-sink-,RELEVANT,modway drop bathroom sink
moen shower,how-to-replace-a-shower-faucet,RELEVANT,moen shower
mohit ottoman,how-to-build-a-storage-ottoman,RELEVANT,mohit ottoman
molding and trim,types-of-moulding,RELEVANT,mold trim
monterey grass killer,how-to-kill-weeds-in-your-lawn,RELEVANT,monterey grass killer
morton salt pool chlorine,how-to-open-a-pool,RELEVANT,morton salt pool chlorine
mount in chrome,kids-bathroom-updates-you-can-do-in-a-weekend,NOT RELEVANT,mount chrome
mr direct drop in bathroom sink,types-of-bathroom-sinks,RELEVANT,mr direct drop bathroom sink
multi-colored blissful nights mattresses,how-to-pick-the-best-mattress-accessories,RELEVANT,nights multi colored blissful mattress
multi-colored party supplies,how-to-throw-a-playoff-party,RELEVANT,multi colored party supply
multi-colored urban port ottoman,how-to-care-for-poinsettias,NOT RELEVANT,multi colored urban port ottoman
multi-ring holder for locboard,diy-holiday-magazine-holder,NOT RELEVANT,multi ring holder locboard
multibrown outdoor sectional,small-patio-ideas,RELEVANT,multibrown outdoor sectional
mytouchsmart motion sensor,how-to-adjust-motion-light-sensor-settings,RELEVANT,mytouchsmart motion sensor
n 6698,small-porch-ideas-for-halloween,NOT RELEVANT,n
n95 respirator mask,best-safety-equipment-for-painting,RELEVANT,respirator mask
nameeks vessel sink,bathroom-remodel-ideas,RELEVANT,nameeks vessel sink
nara armen living bar stool,home-bar-ideas,RELEVANT,nara armen living bar stool
natco stair runner,how-to-build-a-staircase,NOT RELEVANT,natco stair runner
natural comforter,5-tips-to-setting-a-memorable-friendsgiving-table,NOT RELEVANT,natural comforter
natural living room set,blue-living-room-ideas,RELEVANT,natural living room set
navin coffee tables,Living-Room-Decorating-Ideas,RELEVANT,navin coffee table
nest smart doorbell,how-to-install-a-doorbell,RELEVANT,nest smart doorbell
new grange oak nightstand,how-to-throw-a-new-year's-eve-party-at-home,NOT RELEVANT,new grange oak nightstand
nostalgic warehouse rosette in pewter,types-of-door-knobs,RELEVANT,nostalgic warehouse rosette pewter
o77 cover,types-of-respirator-masks,NOT RELEVANT,cover
odor ban,best-range-hoods-for-your-kitchen,NOT RELEVANT,odor ban
office chairs guest office chair,home-office-ideas,RELEVANT,office chair guest office chair
old work outlet box,how-to-install-a-gfci-outlet,RELEVANT,old work outlet box
oracle bar stool,bedroom-makeovers-for-pre-teens,NOT RELEVANT,oracle bar stool
other ivy hill tile glass tile,bathroom-tile-ideas,RELEVANT,ivy hill tile glass tile
out06x30x34imp01rwr,5-of-the-most-popular-questions-about-orchid-care,NOT RELEVANT,
out08x30x38imp03rdf,fire-prevention-create-a-fire-safe-environment-on-your-property,NOT RELEVANT,
outdoor fountains,garden-water-feature-ideas,RELEVANT,outdoor fountain
outdoor lighted tree,how-many-lumens-needed-for-outdoor-lighting,RELEVANT,outdoor light tree
outdoor stair stringer,how-to-build-stairs,RELEVANT,outdoor stair stringer
outswinging awning window,types-of-awnings,RELEVANT,outswinging awning window
ovente electric kettles,best-electric-kettles-for-boiling-water,RELEVANT,ovente electric kettle
over the door spice rack,how-to-paint-a-door-frame,NOT RELEVANT,door spice rack
p38536c-cz-cp,how-to-replace-a-power-cord-plug,NOT RELEVANT,-cz cp
p39955c-vbg-c,types-of-batteries,NOT RELEVANT,-vbg c
padded in beige,turning-your-basement-into-the-perfect-workspace,NOT RELEVANT,pad beige
paintable base moulding,types-of-moulding,RELEVANT,paintable base moulding
palm tree food,how-to-build-a-flower-tower,NOT RELEVANT,palm tree food
panel doors,types-of-interior-doors,RELEVANT,panel door
partsmasterpro bathroom faucet trim kit,how-to-install-a-single-handle-kitchen-faucet,RELEVANT,partsmasterpro bathroom faucet trim kit
patio cushion storage,best-outdoor-cushions-for-your-patio-furniture,RELEVANT,patio cushion storage
pedistal sink,best-pedestal-sinks-for-your-bathroom,RELEVANT,pedistal sink
penn christmas ornament,how-to-make-a-christmas-tree-card-holder,NOT RELEVANT,penn christmas ornament
pfister 4 in. faucet,how-to-replace-a-bathroom-faucet,RELEVANT,pfister faucet
phed.ka.300v.26.68.134.rh-m1-1.1lsl,how-to-change-a-table-saw-blade,NOT RELEVANT,phed.ka rh--
pickens home bar,home-bar-ideas,RELEVANT,pickens home bar
picnic time picnic tables,how-to-build-a-picnic-table,RELEVANT,picnic time picnic table
picture moving box,how-to-pack-for-a-move,RELEVANT,picture move box
pine board,how-to-make-a-cutting-board,NOT RELEVANT,pine board
pine lumber,types-of-lumber,RELEVANT,pine lumber
pink blue brown wallpaper border,how-to-hang-a-wallpaper-border,RELEVANT,pink blue brown wallpaper border
pipe decor bar in iron,make-a-simple-diy-black-pipe-light-fixture-in-one-afternoon,NOT RELEVANT,pipe decor bar iron
plant in sand,types-of-soil,RELEVANT,plant sand
plant killer,best-weed-killer-for-your-yard,RELEVANT,plant killer
plaster retarder joint compound,how-to-patch-drywall,RELEVANT,plaster retarder joint compound
plastic flower pot,best-flower-pots-for-your-yard,RELEVANT,plastic flower pot
pls8-12a f,light-bulb-brightness,NOT RELEVANT,f
plumbers edge toilet flush valve,how-to-fix-a-toilet-tank,RELEVANT,plumber edge toilet flush valve
poise mng hardware lever,types-of-curtain-rods,NOT RELEVANT,poise mng hardware lever
polyethylene irrigation tubing,types-of-drip-irrigation,RELEVANT,polyethylene irrigation tubing
polyethylene sheet,how-to-build-a-greenhouse,RELEVANT,polyethylene sheet
poplin tablecloth fuchsia tablecloth,creating-the-perfect-tablescape-for-friendsgiving,RELEVANT,poplin tablecloth fuchsia tablecloth
porch rug,how-to-screen-in-a-porch,RELEVANT,porch rug
ppg diamond 1 qt ppg1136-6 spruce with primer,how-to-lay-envirotile,NOT RELEVANT,ppg diamond qt spruce primer
ppg timeless 1 gal ppg1106-2 paint,how-to-use-a-paint-sprayer-,RELEVANT,ppg timeless paint
ppg timeless 8 oz #hdppgr61u sample,creating-a-timeless-laundry-space,NOT RELEVANT,ppg timeless oz sample
pre charged well pressure tank,types-of-well-pumps,RELEVANT,pre charge well pressure tank
pressure washer quick connect,how-to-use-a-pressure-washer,RELEVANT,pressure washer quick connect
progress lighting 9 in. led under light,light-bulb-brightness,RELEVANT,progress light lead light
puleo international christmas yard decoration,how-to-decorate-for-christmas-with-lights,RELEVANT,puleo international christmas yard decoration
pvc 08400 2000ha,types-of-pipes,RELEVANT,pvc
qbomb8vl-single,kitchen-refacing-ideas,NOT RELEVANT,-single
qep joint tape,how-to-tape-drywall,RELEVANT,qep joint tape
qi003589l,how-to-charge-a-car-battery,NOT RELEVANT,
quadplex circuit breaker,how-to-install-an-afci-breaker,RELEVANT,quadplex circuit breaker
quiet glide 6 ft. horseshoe,garden-memorial-ideas,NOT RELEVANT,quiet glide horseshoe
quiet glide mount with rail,how-to-build-a-post-and-rail-fence,NOT RELEVANT,quiet glide mount rail
ratchet straps,how-to-use-a-ratchet-strap,RELEVANT,ratchet strap
raybestos 2006-2014 fits,types-of-bathtubs,NOT RELEVANT,raybestos fit
rca upright freezer,how-to-organize-your-freezer,RELEVANT,rca upright freezer
ready-to-use concrete mixes,types-of-concrete-mix-for-any-project,RELEVANT,ready use concrete mix
red brown wallpaper roll,how-to-hang-a-wallpaper-border,RELEVANT,red brown wallpaper roll
red kap 38 in. x 13 in. short,creating-a-timeless-laundry-space,NOT RELEVANT,red kap short
red lr resources throw blanket,clever-blanket-storage-ideas,RELEVANT,red lr resource throw blanket
remote control permasteel patio heater,how-to-install-a-ceiling-fan-remote,NOT RELEVANT,remote control permasteel patio heater
resettable circuit breaker outlet adapters,how-to-wire-a-circuit-breaker,RELEVANT,resettable circuit breaker outlet adapter
restonic mattress topper,how-to-move-a-mattress,NOT RELEVANT,restonic mattress topper
reusable sanding sponge,types-of-sandpaper-and-abrasives,RELEVANT,reusable sand sponge
reversible drain schon bathtub,how-to-remove-a-bathtub-drain,NOT RELEVANT,reversible drain schon bathtub
reversible multi-colored shatex comforter,day-of-the-dead-halloween-porch,NOT RELEVANT,reversible multi colored shatex comforter
rigid power tools,must-have-tools-for-homeowners,RELEVANT,rigid power tool
robot lawn mower,lawn-mower-maintenance,RELEVANT,robot lawn mower
rocker red modway ottoman,how-to-get-red-wine-out-of-carpet,NOT RELEVANT,red modway rocker ottoman
rod desyne 160 in. 240 in. 1 in. double lanette,types-of-curtain-rods,RELEVANT,rod desyne double lanette
roll in white,1920s-kitchen-renovation-ideas,NOT RELEVANT,roll white
rollaway tool box,best-truck-accessories-for-your-pickup,NOT RELEVANT,rollaway tool box
room door,types-of-interior-doors,RELEVANT,room door
round end trowel,create-a-diy-indoor-grow-light-system,NOT RELEVANT,round end trowel
round garage,garage-door-maintenance-tips,RELEVANT,round garage
rowan entryway benches,mudroom-ideas,RELEVANT,rowan entryway bench
royale linens bed sheet,linen-closet-organization,RELEVANT,royale linen bed sheet
rust-oleum 30 oz glaze,dream-kitchen-remodel,NOT RELEVANT,rust oleum oz glaze
rwl18x049rwp,how-to-make-a-home-feel-warm-and-cozy,NOT RELEVANT,
rwr15x042crw,transforming-a-pre-fabricated-tuff-shed-into-a-solar-powered-workshop,NOT RELEVANT,
sae ratcheting wrench set,types-of-wrenches,RELEVANT,sae ratchet wrench set
sae stanley wrench set,how-to-set-a-formal-table,NOT RELEVANT,sae stanley wrench set
salmon outdoor side tables,creating-a-cozy-patio-space,RELEVANT,salmon outdoor side table
sand wallpaper border,how-to-hang-a-wallpaper-border,RELEVANT,sand wallpaper border
sande plywood,how-to-build-a-bookshelf,RELEVANT,sande plywood
sandusky wall cabinet,best-kitchen-cabinets-for-your-home,RELEVANT,sandusky wall cabinet
saw for band,best-band-saws-for-your-project,RELEVANT,saw band
schon corner shower door,how-to-tile-a-shower-wall,RELEVANT,schon corner shower door
sd78dn rg xxl,how-to-crimp-connectors,NOT RELEVANT,rg xxl
seashells mix,how-to-mix-mortar,NOT RELEVANT,seashells mix
season with mat,get-10-patio-ideas-for-outdoor-inspiration,NOT RELEVANT,season mat
self drilling anchor,best-drywall-screws-and-nails-for-your-projects,RELEVANT,self drilling anchor
sh10ch rg m,how-to-replace-a-power-cord-plug,NOT RELEVANT,rg
shaw vinyl plank flooring,laminate-vs-vinyl,RELEVANT,shaw vinyl plank floor
shen-24445340-04,how-to-grill-foil-wrapped-baby-back-ribs-with-mexican-style-corn,NOT RELEVANT,shen--
sheridan beige office storage cabinet,home-office-ideas,RELEVANT,sheridan beige office storage cabinet
shop vac,best-wet-and-dry-vacs-for-cleaning,RELEVANT,shop vac
shower grout sealer,how-to-grout-tile,RELEVANT,shower grout sealer
showering package,best-shower-heads-for-your-bathroom,RELEVANT,shower package
shrubs and trees,spring-flowering-trees-and-shrubs-to-plant-now,RELEVANT,shrub tree
shun knife blocks,knife-maintenance,RELEVANT,shun knife block
side truck tool boxes,types-of-truck-bed-covers,RELEVANT,side truck tool box
siemens 50 amp 3-pole 10 ka breaker with lugs,how-to-repair-a-circuit-breaker,RELEVANT,siemens amp -pole ka breaker lug
siesta periwinkle sttelli bed sheet,how-to-fold-a-fitted-sheet,RELEVANT,sttelli siesta periwinkle bed sheet
silverado bed rugged flares,5-reasons-to-love-raised-garden-beds,NOT RELEVANT,silverado bed rugged flare
simonton door,best-patio-doors-for-your-home,RELEVANT,simonton door
sink repair,how-to-fix-a-leaky-faucet,RELEVANT,sink repair
skillet with spouts,how-to-install-a-tub-spout,NOT RELEVANT,skillet spout
small freezers,how-to-clean-a-freezer,RELEVANT,small freezer
socket for lamp,how-to-install-a-lamp-post,RELEVANT,socket lamp
soffit vent,types-of-roofing-and-attic-ventilations,RELEVANT,soffit vent
soldering iron,how-to-solder-copper-pipes,RELEVANT,solder iron
solistone floor tile,bathroom-tile-ideas,RELEVANT,solistone floor tile
soss door hinges,types-of-cabinet-hinges,RELEVANT,soss door hinge
southern ag lawn weed killer,how-to-kill-weeds-in-lawn,RELEVANT,southern ag lawn weed killer
sp90rb m 345,using-home-depot-kitchen-design-services-for-a-kitchen-makeover,NOT RELEVANT,
speedi products grow room ventilation,create-a-diy-indoor-grow-light-system,RELEVANT,speedi product grow room ventilation
spray foam insulation kit,how-to-insulate-garage-doors,RELEVANT,spray foam insulation kit
sprinkler valve,sprinkler-head-types,RELEVANT,sprinkler valve
spyder auto 00-06 benz,haunted-mine-dragon-lair-scene,NOT RELEVANT,spyder auto benz
square d 100 amp 2-pole qo2100 included with breaker,how-to-buy-electrical-panels,RELEVANT,square amp -pole include breaker
stainless steel collated finishing nail,how-to-clean-stainless-steel,NOT RELEVANT,stainless steel collate finish nail
stainless steel pull set,how-to-clean-stainless-steel,RELEVANT,stainless steel pull set
stair parts newel,how-to-build-a-staircase,RELEVANT,stair part newel
standing closet,DIY-closet-organizer,RELEVANT,stand closet
stark 10 in. bit,types-of-drill-bits,RELEVANT,stark bit
steel dovetail jig,how-to-make-wood-joints,RELEVANT,steel dovetail jig
steel garage,best-garage-doors-for-your-home,RELEVANT,steel garage
steele dining tables,4-questions-to-help-you-choose-the-best-dining-room-table,RELEVANT,steele dining table
stool with rating,how-to-build-a-diy-step-stool,NOT RELEVANT,stool rating
storage bins with hangers,best-storage-containers-for-your-home,RELEVANT,storage bin hanger
studio area rug,how-to-clean-a-rug,RELEVANT,studio area rug
stylecraft 65 in. lamp with shade,how-to-measure-a-lamp-shade,RELEVANT,stylecraft lamp shade
sunjoy fireplace tv stand,best-fireplace-accessories-for-your-home,RELEVANT,sunjoy fireplace tv stand
suresill casing,how-to-install-split-jamb-interior-doors,RELEVANT,suresill case
t1-11 siding,how-to-change-an-outdoor-light-fixture,NOT RELEVANT,side
t3 t20 screwdriver,types-of-screwdrivers,RELEVANT,screwdriver
tattletale battery smoke detector,types-of-smoke-detectors,RELEVANT,tattletale battery smoke detector
team carpet tile,best-carpet-padding-for-your-floors,RELEVANT,team carpet tile
telescopic blind rod,how-to-measure-for-vertical-blinds,RELEVANT,telescopic blind rod
telescoping pressure washer extension wand,Best-Pressure-Washers-For-Your-Project,RELEVANT,telescope pressure washer extension wand
tfp102bbf21x061hg,how-to-install-a-herringbone-paver-patio,NOT RELEVANT,
thin kerf miter blade,how-to-cut-crown-moulding,RELEVANT,thin kerf miter blade
thomas lighting enclosed with baffle,light-bulb-brightness,RELEVANT,thomas lighting enclose baffle
thr203a-5060,creating-a-ghostly-graveyard-for-halloween,NOT RELEVANT,
thread carriage bolt,grades-of-bolts,RELEVANT,thread carriage bolt
threaded toilet flush valve part,how-to-replace-a-fill-valve,RELEVANT,thread toilet flush valve part
titan lighting 4-light sconce,how-to-install-recessed-lighting,NOT RELEVANT,titan lighting -light sconce
titan lighting led with medium,how-many-lumens-needed-for-outdoor-lighting,RELEVANT,titan lighting lead medium
titan pry bar,how-to-install-vinyl-plank-flooring,RELEVANT,titan pry bar
tk 48 80,types-of-conduit,NOT RELEVANT,tk
tk100e,types-of-circuit-breakers,NOT RELEVANT,
toggled 4 ft. 32 watt 2-light led,how-to-choose-the-best-lighting-for-your-garage-workshop,NOT RELEVANT,watt toggle -light lead
tolston patio dining set,create-your-own-patio-collection,NOT RELEVANT,tolston patio dining set
toolpro drywall knives,how-to-tape-drywall,RELEVANT,toolpro drywall knife
trailkeg beverage jug cooler,diy-upcycled-lamp,NOT RELEVANT,trailkeg beverage jug cooler
transolid 58.25 in. 22.25 in. 4 in. top in grey,how-to-clean-a-stove-top,NOT RELEVANT,transolid top grey
trinidad visol salt,salt-rock-for-grilling,RELEVANT,trinidad visol salt
triton table saw,best-miter-saws-for-your-project,RELEVANT,triton table saw
truporte bifold door,how-to-install-bifold-doors,RELEVANT,truporte bifold door
tulipe stock pot,best-stock-pots-for-your-kitchen,RELEVANT,tulipe stock pot
turquoise sweese mug,best-coffee-mugs-for-your-hot-beverages,RELEVANT,sweese turquoise mug
tuscan taupe outdoor side tables,small-patio-ideas,RELEVANT,tuscan taupe outdoor side table
universal tubs 60 in. right whirlpool tub,3-bathroom-renovations-3-different-styles,RELEVANT,universal tub right whirlpool tub
universal tubs faucet with shower,best-shower-heads-for-your-bathroom,NOT RELEVANT,universal tub faucet shower
upholstered dining chair dining chair,the-best-office-chairs-for-your-home,NOT RELEVANT,upholstered dining chair dining chair
urban trends collection 11.25 in. figurine,gardening-trends,NOT RELEVANT,urban trend collection figurine
utopia alley curved,modern-breakfast-in-bed-tray-from-copper-pipe,NOT RELEVANT,utopia alley curve
ventamatic exhaust attic fan,best-bathroom-fans-for-your-home,NOT RELEVANT,ventamatic exhaust attic fan
veranda landscape lighting transformer,front-yard-landscaping-ideas,RELEVANT,veranda landscape lighting transformer
veranda vinyl fencing,types-of-fence-materials-and-hardware,RELEVANT,veranda vinyl fencing
verona t pyramid post cap,diy-potting-bench-apple-cider-bar,NOT RELEVANT,verona pyramid post cap
vibra pewter knob,types-of-door-knobs,RELEVANT,vibra pewter knob
vigoro garden fencing,how-to-build-a-fence,RELEVANT,vigoro garden fencing
vin3c1135 sk,the-amazing-13-pumpkins-spooky-outdoor-halloween-display,NOT RELEVANT,sk
virgil inspired home makeup vanities,makeup-vanity-ideas,RELEVANT,virgil inspire home makeup vanity
viva ceiling pendant,semi-flush-mount-and-flush-mount-buying-guide-,RELEVANT,viva ceiling pendant
vk75-21x34-storm,how-to-install-a-storm-door,NOT RELEVANT,--storm
vornado 6.4 in. fan,how-to-remove-a-ceiling-fan,NOT RELEVANT,vornado fan
vt34.25x22-1sv-4t-a-w-1,transform-your-bathroom-with-peel-and-stick-tiles,NOT RELEVANT,.---a w-
vt36.5x22-1ou-4t-a-w-4,transform-your-bathroom-with-peel-and-stick-tiles,NOT RELEVANT,.---a w-
washable black chesapeake wallpaper samples,how-to-hang-a-wallpaper-border,RELEVANT,washable black chesapeake wallpaper sample
watco brass fitting,types-of-pipe-fittings,RELEVANT,watco brass fitting
watkins luxor end tables,10-minute-recipes-for-the-grill,NOT RELEVANT,watkins luxor end table
weathered acorn patio dining tables,create-your-own-patio-collection,NOT RELEVANT,weather acorn patio dining table
weathered shiplap,styling-a-she-shed-with-shiplap-walls,RELEVANT,weather shiplap
weathertech vehicles with side,types-of-car-jacks,NOT RELEVANT,weathertech vehicle side
web-ad120-16x20,easy-halloween-dining-room-design,NOT RELEVANT,web--
weylyn sectional,create-your-own-patio-collection,NOT RELEVANT,weylyn sectional
wfg975h0hz,5-of-the-most-popular-questions-about-orchid-care,NOT RELEVANT,
white enamel paint,best-paint-roller-for-your-projects,RELEVANT,white enamel paint
white molecule duvet cover,duvet-vs-comforters,RELEVANT,white molecule duvet cover
white one-coat paint,how-to-prime-a-wall,RELEVANT,one white coat paint
whynter,best-air-conditioners-for-your-home,RELEVANT,whynter
whynter 1.1,best-air-conditioners-for-your-home,RELEVANT,whynter
whynter 1.2,best-air-conditioners-for-your-home,RELEVANT,whynter
whynter 13.8,best-air-conditioners-for-your-home,RELEVANT,whynter
wire garden fencing,how-to-build-a-fence,RELEVANT,wire garden fencing
wood 24 in. x 6 in. oak porcelain floor tile,porcelain-vs-ceramic-tiles,RELEVANT,wood oak porcelain floor tile
wood fireplace,best-fireplace-accessories-for-your-home,RELEVANT,wood fireplace
wood gate,how-to-build-a-fence,RELEVANT,wood gate
wood polyurethane,how-to-apply-polyurethane,RELEVANT,wood polyurethane
woodland meadow bruce engineered hardwood,best-hardwood-floors-for-your-home,RELEVANT,woodland meadow bruce engineer hardwood
woodside dining room set,dining-room-ideas,RELEVANT,woodside dining room set
worth garden bird feeder,how-to-make-a-diy-wooden-bird-feeder,RELEVANT,worth garden bird feeder
xpower inflator,how-to-replace-a-sump-pump,NOT RELEVANT,xpower inflator
xtremepowerus compressor accessories,how-to-use-an-air-compressor,RELEVANT,xtremepowerus compressor accessory
y-808,backyard-makeover-with-a-paver-patio,NOT RELEVANT,y-
yellow electric grill,grill-a-steak,RELEVANT,yellow electric grill
york wallcoverings williamsburg ii,how-to-create-a-nutcracker-themed-christmas-dinner,NOT RELEVANT,york wallcoverings williamsburg ii
zamma wide x stair molding,how-to-install-a-stair-runner,RELEVANT,zamma wide stair mold
zander coffee tables,how-to-build-a-crate-end-table,NOT RELEVANT,zander coffee table
zenport:zenport pruning saw,types-of-hand-saws,NOT RELEVANT,zenport zenport pruning saw
zing led night light,light-bulb-brightness,RELEVANT,night zing lead light
zing rv accessories,rv-accessories-and-rv-supplies,RELEVANT,zing rv accessory
zinus 4-piece steel with conversation,kitchen-refacing-ideas,NOT RELEVANT,zinus -piece steel conversation
