#4 #14 connector,types-of-pipe-fittings,RELEVANT
03-09 z1000 04-12 z750 05-07 z750s 11-12 z750r filter,best-air-filters-for-your-home,RELEVANT
1 gal #380c-3 paint,best-ceiling-paint-for-your-home,RELEVANT
1 gal #610 paint,best-exterior-paint-for-your-home,RELEVANT
1 gal #ae-38 paint,how-to-use-a-paint-sprayer-,RELEVANT
1 gal #bic-05 paint,how-to-prime-a-wall,RELEVANT
1 gal #bic-42 paint,types-of-paint-finishes,RELEVANT
1 gal #hdgcn26d paint with primer,how-to-paint-trim,RELEVANT
1 gal #hdgr44 blush with primer,how-to-prime-a-wall,RELEVANT
1 gal #hdgy60 paint,best-exterior-paint-for-your-home,RELEVANT
1 gal #hdppgb40d paint with primer,how-to-paint-a-room,RELEVANT
1 gal #hdppgg32 paint with primer,how-to-paint-a-room,RELEVANT
1 gal #hdppgo49 paint,best-exterior-paint-for-your-home,RELEVANT
1 gal #hdpwn13 zero paint,types-of-paint-finishes,RELEVANT
1 gal #ppl-32 paint,how-to-paint-trim,RELEVANT
1 gal ppg1065-1 paint,how-to-use-a-paint-sprayer-,RELEVANT
1 gal ppg1115-2 paint,best-interior-paints,RELEVANT
1 gal ppg1251-4 paint with primer,how-to-prime-a-wall,RELEVANT
1 in. x 1 in. cable zip ties,how-to-hide-wires,RELEVANT
1 in. x 24 in. x 24 in. acoustic insulation,how-to-insulate-garage-doors,RELEVANT
1 in. x 3 in. x 42 in. cambridge kitchen cabinet molding,best-kitchen-cabinets-for-your-home,RELEVANT
1 in. x 4 in. galvanized fitting,types-of-pipes,NOT RELEVANT
1 shot paint,how-to-paint-a-room,RELEVANT
1-panel screen with doors,best-exterior-doors-for-your-home,RELEVANT
10 ft. x 12 ft. oriental weavers area rug,rug-sizes-for-your-space,RELEVANT
10 ft. x 15 ft. spun polyester u.s. flag,bedroom-makeovers-for-pre-teens,NOT RELEVANT
10 in. x 36 in. wall shelf,shelving-ideas,RELEVANT
10x16 mosaic tile,bathroom-tile-ideas,RELEVANT
11 in. x 16 in. x 4 in. shower niche,how-to-install-a-glue-up-shower-enclosure,RELEVANT
11 in. x 17 in. storage drawer,best-storage-containers-for-your-home,RELEVANT
11.22 in. x 11.47 in. msi mosaic tile,3-bathroom-renovations-3-different-styles,RELEVANT
11.5 in. x 11.875 in. tile,colored-grout-and-new-tile-create-fresh-bathroom-look,RELEVANT
11.56 in w x 8.38 in h green peel and stick backsplash,renter-friendly-diy-faux-fireplace-with-smart-tiles,RELEVANT
11.56 in. x 8.38 in. gray peel and stick backsplash,peel-and-stick-wallpaper-ideas,RELEVANT
11.75 in. x 15.875 in. tile backsplashes,backsplash-ideas,RELEVANT
11.8 in. x 23.6 in. x 6.7 in. medicine cabinets with mirror,best-medicine-cabinets-for-your-bathroom,RELEVANT
11.875 in. x 11.625 in. jeffrey court tile backsplashes,bathroom-tile-ideas,RELEVANT
11x13 emser mosaic tile,types-of-tiles,RELEVANT
12 in. 6 in. copper,types-of-fittings-for-gas-and-water-pipes,RELEVANT
12 in. x 10 in. ivy hill tile backsplashes,how-to-install-a-tile-backsplash,RELEVANT
12 in. x 10 in. x 10 in. speedi-products wyes,bedroom-makeovers-for-pre-teens,NOT RELEVANT
12 in. x 24 in. closetmaid wood closet drawer,DIY-closet-organizer,RELEVANT
12 in. x 77 in. board and batten shutter,how-to-make-a-board-and-batten-wall-accent,RELEVANT
121 in. x 17.99 in. mosaic tile,types-of-tiles,RELEVANT
12x20x1 air filter,how-often-you-should-change-your-air-filter,RELEVANT
13 in. x 32 in. casainc bathroom vanities with top,how-to-install-a-bathroom-vanity,RELEVANT
13.75 in. glaze,how-to-sponge-paint,RELEVANT
13x13 in. glaze,how-to-sponge-paint,RELEVANT
14.88 in. x 11 in. window box,how-to-plant-a-colorful-window-box,RELEVANT
15 in. x 11 in. aspen creative corporation lamp shades,how-to-measure-a-lamp-shade,RELEVANT
15 in. x 23 in. planter,how-to-make-a-tile-planter,RELEVANT
15 in. x 32 ft. owens corning insulation,how-to-insulate-garage-doors,RELEVANT
15 in. x 4 in. pot,how-to-build-a-dog-playground,NOT RELEVANT
15 in. x 44 in. hurricane panel,types-of-hurricane-shutters,RELEVANT
15.3 in. x 16.3 in. vinyl siding,how-to-change-an-outdoor-light-fixture,RELEVANT
15x15 in. glaze,faux-paint-finish-ideas,RELEVANT
16 ft. unlit christmas trees,best-artificial-christmas-trees-for-the-season,RELEVANT
16 ft. x 32 ft. swimline above ground pool liner,how-to-open-a-pool,RELEVANT
16 in. x 30 in. tier1 registers,home-office-shed-transformation,NOT RELEVANT
16 penny nails,types-of-nails,RELEVANT
16 saw,types-of-power-saws,RELEVANT
16-gauge welded wire fencing,how-to-install-a-chain-link-fence,RELEVANT
17 in. x 24 in. lagoon bath mat,creating-a-timeless-laundry-space,NOT RELEVANT
18 gauge nail,types-of-outdoor-nails-and-screws,RELEVANT
18 in. vanity,bathroom-vanity-ideas,RELEVANT
18 in. x 24 in. insulation,how-to-build-a-dog-playground,NOT RELEVANT
18 in. x 24 in. magliner platform trucks,creating-a-timeless-laundry-space,NOT RELEVANT
18 in. x 30 in. in mat,bedroom-makeovers-for-pre-teens,NOT RELEVANT
18 in. x 42 in. x 14 in. sunstone outdoor kitchen cabinet,kitchen-cabinet-ideas,RELEVANT
18 in. x 49 in. raised panel shutter,how-to-build-raised-garden-beds,NOT RELEVANT
18 watt led under light,light-bulb-brightness,RELEVANT
188-bottle 300 wine cooler,the-best-wine-glasses-to-complement-any-wine,RELEVANT
18w t5 led,led-vs-fluorescent,RELEVANT
18x18 daltile porcelain tile,bathroom-tile-ideas,RELEVANT
19 ft. x 16 ft. 3 in. x 9 ft. double h,3-bathroom-renovations-3-different-styles,NOT RELEVANT
19 in. x 1.6 in. garage storage shelves,garage-storage-ideas,RELEVANT
19 in. x 20 in. veneerstone manufactured stone,how-to-build-a-dog-playground,NOT RELEVANT
19.29 in. x 19.29 in. x 15.75 in. homeroots office storage cabinet,how-to-install-wall-cabinets,RELEVANT
19.5 in. x 31.25 in. outdoor vin ncaa state yl medallion door mat,how-to-build-a-dog-playground,NOT RELEVANT
19.50 in. x 29 in. fire pit,best-fire-pits-for-your-backyard,RELEVANT
"1930,vintage poster by art",traditional-nostalgic-christmas-tree,NOT RELEVANT
1997-2003 f-150 led,types-of-led-lights,RELEVANT
2 ft. x 2 ft. deck tiles,how-to-plan-a-deck,RELEVANT
2 ft. x 4 ft. drywall steel studs,how-to-cut-drywall,RELEVANT
2 gang weatherproof box,types-of-electrical-boxes,RELEVANT
2 in. x 10 in. x 16 ft. weathershield wood decking board,back-porch-ideas,NOT RELEVANT
2 in. x 16 in. glass tile,types-of-tiles,RELEVANT
2 in. x 36 in. everbilt flat bar,how-to-build-a-dog-playground,NOT RELEVANT
2 in. x 6 in. qep grout remover tool,how-to-fix-cracked-tile,RELEVANT
2 light,recessed-lighting-buying-guide,RELEVANT
2-light brushed wall sconce,how-to-install-recessed-lighting,NOT RELEVANT
2-tone 11 in. bag,home-hurricane-prep-kit,NOT RELEVANT
2.3 ft. x 50 ft. fence,how-to-install-a-chain-link-fence,RELEVANT
2.437 in. x 0.75 in. x 0.105 in. everbilt composite fastener,bedroom-makeovers-for-pre-teens,NOT RELEVANT
20 in. x 10.81 in. x 3.88 in. cabinet door organizer,how-to-build-a-dog-playground,NOT RELEVANT
20 in. x 17 in. x 17 in. ottoman,bedroom-makeovers-for-pre-teens,NOT RELEVANT
20 in. x 30 in. x 1 in. replacementbrand air purifier accessories,how-to-clean-an-air-purifier,RELEVANT
20.56 in. x 33.81 in. mind reader drying rack,preserve-your-herbs-diy-drying-rack,RELEVANT
200 amp double kit,how-to-buy-electrical-panels,RELEVANT
20x30 tarp,best-tarp-and-drop-cloths-for-your-project,RELEVANT
21 in. x 34 in. bathroom vanities with top,how-to-install-a-bathroom-vanity,RELEVANT
21 in. x 36 in. 60 in. garage storage shelves,garage-storage-ideas,RELEVANT
225 amp 4-pole breaker,how-to-install-an-afci-breaker,RELEVANT
23 in. x 18 in. christmas wall decoration,make-dried-flower-christmas-ornaments,RELEVANT
23.375 in. x 40.5 in. jeld-wen insect screen,back-porch-ideas,NOT RELEVANT
23.5 in. x 23.5 in. jeld wen shaped window,how-to-install-a-window,RELEVANT
23372-copper,types-of-fittings-for-gas-and-water-pipes,RELEVANT
23379-copper,types-of-fittings-for-gas-and-water-pipes,RELEVANT
24 in in. x 12 in. gable vents,types-of-roofing-and-attic-ventilations,RELEVANT
24 in. 32 in. 10-bar towel,how-to-install-a-towel-bar,RELEVANT
24 in. sink in white,how-to-replace-a-kitchen-sink,RELEVANT
24 in. x 19 in. vanity,vanity-lighting-ideas,NOT RELEVANT
24 in. x 28 in. work pant,bedroom-makeovers-for-pre-teens,NOT RELEVANT
24 in. x 34.5 in. x 24 in. assembled kitchen cabinet,best-kitchen-cabinet-refacing-for-your-home,RELEVANT
24 in. x 40 in. pistachio mohawk home bath mat,how-to-build-a-shed-bunkhouse,NOT RELEVANT
25 dewalt tape,impact-drivers-vs-drills,NOT RELEVANT
25 in. to 25.75 in. x 66 in. shower door,tips-for-selecting-shower-doors,RELEVANT
25 in. x 22 in. x 13.625 in. utility sink,how-to-install-an-undermount-sink-,RELEVANT
25 in. x 36 in. vanity mirror,vanity-light-height,RELEVANT
25 in. x 71 in. double framed in chrome,how-to-build-a-dog-playground,NOT RELEVANT
25 watt r14 led,types-of-led-lights,RELEVANT
26 in. x 31 in. shoe rack,closet-organization-ideas,RELEVANT
26 in. x 80 in. slab door,types-of-interior-doors,RELEVANT
26.5 in. to 28.5 in. x 72 in. door,how-to-install-bifold-doors,RELEVANT
26.75 in. - 27.25 in. x 80 in. alcove shower door,how-to-install-a-pivot-shower-door,RELEVANT
265 watt led for lights,led-retrofitting,RELEVANT
27 in. x 44.5 in. x 3.125 in. glass block window,how-to-replace-window-glass,RELEVANT
27.5 in. x 18.3125 in. x 9.5 in. kohler undermount kitchen sink,how-to-measure-a-kitchen-sink,RELEVANT
29 in. double sink with strainer,how-to-fix-sink-strainers,RELEVANT
29 in. shade,how-to-measure-for-blinds-and-shades,RELEVANT
29.3 in. x 18 in. bathroom vanities with top,best-bathroom-vanities-for-your-home,RELEVANT
"2ph, 3-watt, 120-volt, 200:0.1, meter",how-to-use-a-multimeter,RELEVANT
2x2 marazzi metal tile,bathroom-tile-ideas,NOT RELEVANT
2x6 joist hangers,how-to-build-a-deck,RELEVANT
3 ft. x 72 ft. snapfence vinyl fence panel,types-of-fence-materials-and-hardware,RELEVANT
3 in. x 12 in. white peel and stick backsplash,how-to-hang-peel-and-stick-wallpaper,RELEVANT
3 in. x 72 in. x 1 in. sill rite door moulding,how-to-brighten-up-a-room-with-a-fireplace-makeover,NOT RELEVANT
3 pack nail setter,brad-nails-vs-finish-nails,RELEVANT
3.1 in. x 6.25 in. pint glasses,creating-a-timeless-laundry-space,NOT RELEVANT
3.5 chest freezer,how-to-clean-a-freezer,RELEVANT
30 in. 22 in. vanity,makeup-vanity-ideas,RELEVANT
30 in. x 14 in. louver,3-bathroom-renovations-3-different-styles,NOT RELEVANT
30 in. x 4.25 in. inoxia tile,creating-a-timeless-laundry-space,NOT RELEVANT
30 in. x 40 in. x 14 in. assembled kitchen cabinet,how-to-install-kitchen-cabinets,RELEVANT
30 in. x 7 in. garage storage shelves,garage-storage-ideas,RELEVANT
30.25 in. x 73.375 in. door,how-to-install-bifold-doors,NOT RELEVANT
300 in. x 300 in. vanity mirror,bathroom-vanity-ideas,RELEVANT
300 watt r40 bulb,led-vs-fluorescent,RELEVANT
31 in. 22 in. 35 in. glaze,how-to-sponge-paint,RELEVANT
31 in. 22 in. vanity in chocolate,stylish-bathroom-ideas-with-tile,NOT RELEVANT
31 in. x 60 in. shower base,types-of-shower-bases-and-walls,RELEVANT
31.25 in. x 35.25 in. ply gem singlehung window,different-types-of-windows-for-your-home,RELEVANT
31.5 in. 18.2 in. vanity in gray,bathroom-vanity-ideas,RELEVANT
31.625 in. x 21.625 in. tafco windows window,how-to-install-a-window,RELEVANT
3119-19329sam,how-to-make-a-spooky-halloween-front-porch,NOT RELEVANT
32 in. 60 in. cart,how-to-build-a-utility-cart,RELEVANT
32 in. x 19.5 in. ronbow bathroom vanity top,best-bathroom-vanity-tops,RELEVANT
32 in. x 60 in. flexstone shower pan,how-to-install-a-shower-pan,RELEVANT
32 in. x 65 in. framed in bronze,stylish-bathroom-ideas-with-tile,NOT RELEVANT
32 in. x 78 in. entry door,how-to-install-an-exterior-door,RELEVANT
33 in. 4-hole double 5.5 in. sink with bowls,types-of-kitchen-sinks,RELEVANT
33 in. x 20 in. x 9 in. akdy farmhouse kitchen sink,kitchen-cabinet-ideas,NOT RELEVANT
33 in. x 23.15 in. dollies,diy-pantry-renovation,NOT RELEVANT
33 in. x 43 in. vanity mirror,vanity-light-height,RELEVANT
33.25 in. x 4 in. jalousie slat,how-to-build-a-floating-deck,NOT RELEVANT
3308r-grn-u,how-to-make-a-christmas-globe,NOT RELEVANT
33361blu,how-to-make-a-charging-station,NOT RELEVANT
34 - 37 in. x 45 - 60 in. adjust-a-grate window wells,types-of-windows,RELEVANT
34 in. 72 in. 1 in. light,how-to-install-recessed-lighting,RELEVANT
34 in. blinds,best-motorized-blinds-for-your-home,RELEVANT
34 in. x 24 in. bathroom vanities with top,best-bathroom-vanities-for-your-home,RELEVANT
34 in. x 38 in. x 72 in. aston door,how-to-build-a-dog-playground,NOT RELEVANT
34 in. x 59 in. dollies,diy-pantry-renovation,NOT RELEVANT
34 in. x 81 in. pinecroft barn door,diy-barn-door,RELEVANT
35 in. x 76 in. bronze,bedroom-makeovers-for-pre-teens,NOT RELEVANT
35.4 in. x 51 in. kids rug,backyard-ideas-for-kids,RELEVANT
350 gph,how-to-replace-a-sump-pump,RELEVANT
36 in. gala window curtain,types-of-window-treatments,RELEVANT
36 in. sink null strainer,how-to-fix-sink-strainers,RELEVANT
36 in. x 15 in. white toy storage,3-bathroom-renovations-3-different-styles,NOT RELEVANT
36 in. x 24 in. wall decal,wall-accents-for-bedrooms,RELEVANT
36 in. x 24 in. x12.5 in. assembled kitchen cabinet,kitchen-cabinet-ideas,RELEVANT
36 in. x 30 in. home decorators collection hanging mirror,home-decorators-collection-customer-service,NOT RELEVANT
36 in. x 36 in. grisham window security bar,best-window-film-for-your-home,NOT RELEVANT
36 in. x 36 in. x 76 in. shower stalls,best-shower-kits-for-your-bathroom,RELEVANT
36 in. x 53 in. vin cupola,bedroom-makeovers-for-pre-teens,NOT RELEVANT
36 in. x 55 in. storm window,how-to-install-a-storm-door,RELEVANT
36 in. x 84 in. closet door,closet-door-ideas,RELEVANT
36 in. x 9 in. x 11.75 in. rack,3-bathroom-renovations-3-different-styles,NOT RELEVANT
3600c5 sfp,types-of-cables-and-connectors-in-networking,NOT RELEVANT
38 in. 15. in. ladders,how-to-clean-gutters,RELEVANT
38 in. x 1 in. wall mirror,wall-art-ideas,NOT RELEVANT
3r 12 in. x 18 in. x 8 in. bracket,bedroom-makeovers-for-pre-teens,NOT RELEVANT
4 ft. willow with pattern,caladium-care-and-planting-caladiums,NOT RELEVANT
4 ft. x 4 ft. x 10.5 in. greenes fence planter box,diy-planter-box-trellis,RELEVANT
4 hole 60 psi 4.8 in. x 12 in. hi run tire,how-to-replace-a-fill-valve,NOT RELEVANT
4 in. x 10 ft. pvc schedule 40 pipe,types-of-pipe-fittings,RELEVANT
4 in. x 12 in. x 18 ft. faux wood beam,how-to-install-faux-wood-blinds,NOT RELEVANT
4 in. x 48 in. black matte grilles,creating-a-timeless-laundry-space,NOT RELEVANT
4 in. x 48 in. black-matte architectural grille grille,diy-potting-bench-apple-cider-bar,NOT RELEVANT
4 makita masonry saw,types-of-masonry-and-concrete-anchors,NOT RELEVANT
4-light fixture with shades,how-to-install-a-light-fixture,RELEVANT
4-light key with shade,how-to-measure-a-lamp-shade,RELEVANT
4.5 in. x 2.25 in. x 2.25 in. boerboel gate latches,best-gate-hardware-for-your-fences,RELEVANT
4.72 in. x 16 ft. x 003 in. underlayment,how-to-build-a-floating-deck,NOT RELEVANT
40 watt b11 bulb,types-of-led-lights,RELEVANT
40.625 in. x 74.625 in. shower door,how-to-install-a-pivot-shower-door,RELEVANT
42 in. x 24 in. fire pit,best-fire-pits-for-your-backyard,RELEVANT
42 in. x 4 in. variegated,how-to-build-a-dog-playground,NOT RELEVANT
44 48 in. x 30 in. x 80 in. shower enclosures,how-to-install-a-glue-up-shower-enclosure,RELEVANT
44 in. x 22 in. bathroom vanities with top,bathroom-vanity-ideas,RELEVANT
46 in. to 48 in. x 72 in. shower door,how-to-install-a-pivot-shower-door,RELEVANT
48 in. 6.7,how-to-install-a-rain-barrel,NOT RELEVANT
48 in. x 15 in. hampton bay flush mount light,how-to-install-flush-and-semi-flush-mount-lighting,RELEVANT
48 in. x 29 in. x 4.25 in. medicine cabinets with mirror,best-medicine-cabinets-for-your-bathroom,RELEVANT
48 in. x 31 in. pegasus medicine cabinet,how-to-install-a-medicine-cabinet,RELEVANT
48 in. x 58 in. door in chrome,stylish-bathroom-ideas-with-tile,RELEVANT
48 in. x 72 in. saw horses,best-circular-saw-blades-for-your-project,NOT RELEVANT
48 in. x 79 in. door,how-to-install-bifold-doors,NOT RELEVANT
48 in. x 95 in. x 19 in. gronomics raised bed planter,diy-raised-garden-bed,RELEVANT
49 in. 22 in. 35 in. glaze,how-to-sponge-paint,RELEVANT
4905-38-60x144-spicewood springs,best-mattresses-for-a-good-nights-sleep,NOT RELEVANT
5 gal #480f-4 paint,best-exterior-paint-for-your-home,RELEVANT
5 gal #500f-4 paint,best-interior-paints,RELEVANT
5 gal #hdgwn32 paint,how-to-paint-a-room,RELEVANT
5 gal #hdgy15 paint,best-exterior-paint-for-your-home,RELEVANT
5 gal #hdppgb30 paint with primer,how-to-paint-trim,RELEVANT
5 gal #hdppgo21u paint with primer,how-to-paint-a-room,RELEVANT
5 gal #hdppgo45 paint with primer,best-paint-roller-for-your-projects,RELEVANT
5 gal #hdppgr49u paint with primer,best-paint-roller-for-your-projects,RELEVANT
5 gal #hdppgv56u paint with primer,how-to-paint-a-room,RELEVANT
5 gal #hdpwn28d zero paint,best-interior-paints,RELEVANT
5 gal #m130-3 paint,best-interior-paints,RELEVANT
5 gal #m310-4 paint,how-to-paint-a-ceiling,RELEVANT
5 gal #ppu15-17 paint,best-exterior-paint-for-your-home,RELEVANT
5 gal ppg1173-4 paint,types-of-paint-finishes,RELEVANT
5 in. 1-light sconce with glass,types-of-light-bulbs,RELEVANT
5 in. x 10 in. porcelain tile,bathroom-tile-ideas,RELEVANT
5 in. x 36 in. x 1 in. sill-rite moulding,how-to-brighten-up-a-room-with-a-fireplace-makeover,NOT RELEVANT
50 in. 84 in. x curtain panel,how-to-hang-curtain-rods,RELEVANT
50 lufkin tape measures,best-tape-measures,RELEVANT
50-54 in. x 76 in. dreamline shower enclosures,tips-for-selecting-shower-doors,RELEVANT
50-count multi-colored disposable tableware,cookout-tips,RELEVANT
5160 series 46 mm 2012 ford f-250 4wd absorber for rear,stylish-bathroom-ideas-with-tile,NOT RELEVANT
52 in. 56 in. x36 in. x 80 in. shower enclosures,how-to-install-a-shower-pan,RELEVANT
52 in. series with door,diy-dutch-door-tutorial-with-schlage-smart-lock,NOT RELEVANT
52 in. x 72 in. aston shower door,tips-for-selecting-shower-doors,RELEVANT
53.5 to 54 in. x 72 in. door in chrome,how-to-install-an-interior-door,RELEVANT
54 in. x 54 in. x 5 in. mailbox posts,mailbox-garden-ideas,RELEVANT
55 in. x 22.5 in. bathroom vanity top,bathroom-vanity-ideas,RELEVANT
56 in. 60 in. x 75 in. alcove shower door,how-to-clean-glass-shower-doors,RELEVANT
56 to 60 in. x 58 in. dreamline bathtub door,types-of-bathtubs,RELEVANT
56 to 60 in. x 76 in. dreamline shower enclosures,best-shower-kits-for-your-bathroom,RELEVANT
58 in. x 58 in. white la linen tablecloth,creating-a-timeless-laundry-space,NOT RELEVANT
59 in. x 80 in. sliding door,how-to-install-barn-doors,RELEVANT
590 in. x 17.71 in. wall mural,3-bathroom-renovations-3-different-styles,NOT RELEVANT
6 in. x 12 in. nickel grilles,how-to-build-a-floating-deck,RELEVANT
6 in. x 18 in. glossy tile,how-to-build-a-dog-playground,NOT RELEVANT
6 in. x 3 in. art3d tile backsplashes,bathroom-tile-ideas,RELEVANT
6 in. x 42 in. storage box,closet-organization-ideas,RELEVANT
6-light 30 in. pendant,types-of-led-lights,NOT RELEVANT
6-light logan collection chrome pendant,new-lighting-technology-enhances-smart-controls,NOT RELEVANT
6-outlet commercial electric surge protector,best-surge-protectors-for-your-home,RELEVANT
6-piece screwdriver set,impact-drivers-vs-drills,NOT RELEVANT
6.5 in. x 9 in. shelving bracket,how-to-hang-shelves,RELEVANT
60 in. x 20 in. ove decors vanity,stylish-bathroom-ideas-with-tile,RELEVANT
60 in. x 62 in. shower enclosures,how-to-install-a-shower-pan,RELEVANT
60w t14 bulb with white,types-of-led-lights,RELEVANT
61 in. 22 in. 35 in. glaze,how-to-sponge-paint,RELEVANT
61355gy a,types-of-tube-lights,NOT RELEVANT
63.25 in. x 32.375 in. x 72 in. 62.25 in. hinged,how-to-build-a-dog-playground,NOT RELEVANT
66.6 clear packing tape,how-to-pack-for-a-move,RELEVANT
67 in. x 72 in. door,how-to-install-an-exterior-door,RELEVANT
6700 copper,types-of-fittings-for-gas-and-water-pipes,NOT RELEVANT
68 72 in. x36 in. x80 in. shower enclosures,how-to-install-a-direct-to-stud-shower-enclosure,RELEVANT
69.25 70.25 in. x 72 in. aston alcove shower door,best-shower-kits-for-your-bathroom,RELEVANT
7 ft. x 5 ft. sports rug,how-to-brighten-up-a-room-with-a-fireplace-makeover,RELEVANT
7 in. x 42 in. x 4 in. shelf,creating-a-timeless-laundry-space,NOT RELEVANT
7 in. x 8 in. multi litton lane outdoor lantern,back-porch-ideas,RELEVANT
7.75 in. glaze,how-to-sponge-paint,RELEVANT
70 lbs. 2-bike mounted,choosing-a-bike-rack-for-a-car,RELEVANT
70.9 in. bathtub in white,how-to-clean-your-bathtub,RELEVANT
72 in. x 30 in. vanity mirror,vanity-light-height,RELEVANT
72 in. x 36 in. alcove bathtub,how-to-remove-and-replace-a-bathtub,RELEVANT
7202 1 in. x 2 in. x 96 in. door moulding,types-of-moulding,RELEVANT
73 in. 22 in. 35 in. glaze,how-to-sponge-paint,RELEVANT
73 in. x 18 in. garage storage shelves,garage-storage-ideas,RELEVANT
75 in. x 81.75 in. patio door,how-to-install-a-storm-door,RELEVANT
75 watt 4-light led,how-to-replace-recessed-lighting-with-led,RELEVANT
78 in. x 59 in. hot tub cover,how-to-clean-a-hot-tub,RELEVANT
79 in. vertical blind,how-to-measure-for-vertical-blinds,RELEVANT
7x7 glass tile,backsplash-ideas,RELEVANT
8 ft. destin-lx with right retractable awning,best-types-of-bird-seed-for-your-backyard-birds,NOT RELEVANT
8 in. 1-light led,types-of-led-lights,RELEVANT
8 in. x 10 in. pvc fitting,types-of-pipes,RELEVANT
8 in. x 18 in. retaining wall block,how-to-build-retaining-wall,RELEVANT
8 in. x 36 in. ceramic tile,bathroom-tile-ideas,RELEVANT
8 oz #hdppgy61d sample,how-to-choose-a-paint-color,RELEVANT
8-piece patio with cushions,small-patio-ideas,RELEVANT
84 in. x 90 in. taupe blanket,creating-a-timeless-laundry-space,NOT RELEVANT
84-box 3 bedroom moving,how-to-pack-for-a-move,RELEVANT
87 in. x 87 in. hot tub cover,how-to-move-a-hot-tub,RELEVANT
9 in. x 9 in. 10mm tile,porcelain-vs-ceramic-tiles,RELEVANT
9.75 in. x 16.75 in. shop towel,best-bath-towels-for-your-bathroom,RELEVANT
90 in. x 80 in. sliding door,how-to-install-barn-doors,RELEVANT
9526-ant,how-to-get-rid-of-ants,RELEVANT
96 in. x 36 in. deck railing system,deck-ideas,RELEVANT
a-96135-copper-s,types-of-fittings-for-gas-and-water-pipes,NOT RELEVANT
abigails plant pot,create-chemistry-diy-copper-patina-pots,NOT RELEVANT
access lighting 13.8 in. 5 watt led,led-vs-fluorescent,RELEVANT
access lighting 4 watt led,light-bulb-brightness,RELEVANT
acrylic sheet building,how-to-cut-plexiglass,RELEVANT
adorno drawer pull,types-of-cabinet-hinges,RELEVANT
afh6 wh,renovating-a-36-year-old-bathroom-with-delta-upstile,NOT RELEVANT
air filter oil,how-to-clean-an-air-conditioner-filter,RELEVANT
alfi brand 8 in. 2-handle mount in nickel,renovating-a-36-year-old-bathroom-with-delta-upstile,RELEVANT
all-pro 180 deg sensor,how-to-test-fuel-injectors,NOT RELEVANT
allspace storage tote,garage-storage-ideas,RELEVANT
amantus tile,how-to-install-tile-floor,RELEVANT
amaryllo wired security camera,diy-home-security-systems-guide,RELEVANT
ambra 90 pack 2 no,back-porch-ideas,NOT RELEVANT
american standard 3 flowise 2-piece 1.28 toilet,how-to-install-a-toilet,RELEVANT
amerimax home products 5 in. seamers,smart-home-updates-for-a-comfortable-home,NOT RELEVANT
amerimax home products gutter seamer,types-of-gutters,RELEVANT
anchors,how-to-use-a-drywall-anchor,RELEVANT
animated christmas villages,how-to-decorate-a-christmas-tree,NOT RELEVANT
anzo usa 2002-2009 w,cozy-she-shed¬†office-transformation-,NOT RELEVANT
apec water systems water filter part,types-of-water-filters,RELEVANT
apollo regulator with gauge,best-sprinkler-valves-for-your-yard,RELEVANT
aqua bouncecomfort bath mat,best-bath-towels-for-your-bathroom,RELEVANT
aquatic bathroom vanities with top,how-to-install-a-bathroom-vanity,RELEVANT
assembly with sienna,3-bathroom-renovations-3-different-styles,NOT RELEVANT
athens cabinet knob,types-of-door-knobs,RELEVANT
aura outdoor products grill rack,types-of-grills,RELEVANT
avanity 42 in. cabinet in white,kitchen-cabinet-ideas,RELEVANT
avanity sink faucet,how-to-replace-a-bathroom-faucet,RELEVANT
azalea,best-shrubs-and-trees-for-your-garden,RELEVANT
azaleas,best-shrubs-and-trees-for-your-garden,RELEVANT
azelea,best-shrubs-and-trees-for-your-garden,RELEVANT
backup generator,types-of-generators-for-your-home,RELEVANT
bancroft cabinet pull,how-to-install-cabinet-handles,RELEVANT
barb wire fence,how-to-install-a-chain-link-fence,RELEVANT
barhroom vanity,bathroom-vanity-ideas,RELEVANT
bath assist bar,stylish-bathroom-ideas-with-tile,RELEVANT
bathroom exhaust fan with led light,how-to-replace-recessed-lighting-with-led,NOT RELEVANT
bayberry bar stool,how-to-measure-bar-stools,RELEVANT
bayport tv stand,how-to-mount-a-flat-screen-tv-on-a-wall,RELEVANT
beadex brand drywall joint compound,how-to-patch-drywall,RELEVANT
becky cameron ruffle,how-to-put-on-a-duvet-cover,NOT RELEVANT
behr 1 gal #n260-3 paint,types-of-paint-finishes,RELEVANT
behr 1 gal #n350-7 paint,how-to-choose-a-paint-color,RELEVANT
behr 1 gal #p520-6 paint,types-of-paint-finishes,RELEVANT
behr 5 gal #500b-5 paint,types-of-paint-finishes,RELEVANT
behr 5 gal #m390-7 hills of paint,types-of-paint-finishes,RELEVANT
behr 5 gal #or-w05 paint,types-of-paint-finishes,RELEVANT
behr paint brushes,how-to-clean-paint-brushes,RELEVANT
behr premium 1 gal #cd-808 dye,styling-a-she-shed-with-shiplap-walls,NOT RELEVANT
behr pro 5 gal i300 paint,best-interior-paints,RELEVANT
beige bamboo flooring,best-hardwood-floors-for-your-home,RELEVANT
bench with ottoman,how-to-build-a-storage-ottoman,RELEVANT
big air ceiling fans without light,how-to-measure-for-a-ceiling-fan,RELEVANT
big christmas lights,christmas-lights-infographic,RELEVANT
big red truck bed accessories,best-truck-accessories-for-your-pickup,RELEVANT
bin in red,how-to-make-a-worm-bin,RELEVANT
biobidet seat for toilet,how-to-install-a-toilet-seat,RELEVANT
bk products standard kitchen faucet,how-to-install-a-single-handle-kitchen-faucet,RELEVANT
black cabinet,best-kitchen-cabinets-for-your-home,RELEVANT
black laminate flooring,how-to-install-laminate-flooring,RELEVANT
black manchester mailbox,mailbox-garden-ideas,RELEVANT
black stainless steel appliances,how-to-clean-stainless-steel,RELEVANT
blue brinks combination safe lock,types-of-door-locks,NOT RELEVANT
blue exterior paint,best-exterior-paint-for-your-home,RELEVANT
blue mechanical heating supply boiler,types-of-gas-and-water-supply-lines,RELEVANT
branson dining room set,4-questions-to-help-you-choose-the-best-dining-room-table,RELEVANT
brick floor tile,how-to-set-a-pattern-in-floor-tile,RELEVANT
brita shower filter,types-of-water-filters,RELEVANT
bronze towel rack,pot-lid-organization-ideas,NOT RELEVANT
brooke red bedroom benches,master-bedroom-ideas,RELEVANT
broyhill 13 in. mattress,best-mattresses-for-a-good-nights-sleep,RELEVANT
bsi products 1 ft. x 1.5 ft. 2-sided #11213 flag with pole,pole-saw-buying-guide,NOT RELEVANT
buddy products 5-pocket display in cherry,how-to-make-an-address-display-planter,RELEVANT
bullard face shield,types-of-respirator-masks,RELEVANT
canapy,how-to-build-a-pergola,RELEVANT
carmel oak trafficmaster hardwood flooring,how-to-install-hardwood-flooring,RELEVANT
casainc chaise lounges,pool-furniture-buying-guide,RELEVANT
casainc outdoor couches,how-to-build-an-outdoor-sofa,NOT RELEVANT
centric parts rearward,the-best-ice-cream-makers-for-homemade-frozen-treats,NOT RELEVANT
certified international dogs,dog-friendly-gardening-tips,NOT RELEVANT
chamois mahogany wood floor trim,how-to-paint-trim,RELEVANT
chestnut chesapeake wallpaper samples,how-to-hang-a-wallpaper-border,RELEVANT
chilled gray avanity medicine cabinet,best-medicine-cabinets-for-your-bathroom,RELEVANT
coffee patio dining tables,create-your-own-patio-collection,RELEVANT
cold water pressure washer hose,how-to-use-a-pressure-washer,RELEVANT
colonial mills ebony,furniture-refinishing-with-varathane-premium-interior-wood-stain,NOT RELEVANT
comforters,how-to-wash-a-comforter,RELEVANT
company store legacy velvet flannel king fitted,how-to-fold-a-fitted-sheet,RELEVANT
composite interior double door,types-of-interior-doors,RELEVANT
compost sak composter,how-to-compost,RELEVANT
concrete repair mix,how-to-repair-cracks-in-a-concrete-driveway,RELEVANT
contemporary black living room set,gray-living-room-ideas,RELEVANT
copper mesh scourer scouring pad,modern-breakfast-in-bed-tray-from-copper-pipe,NOT RELEVANT
cordinate surge protector,best-surge-protectors-for-your-home,RELEVANT
cordless blackout cellular shade,how-to-install-blinds-or-shades,RELEVANT
cork handle finishing trowel,3-bathroom-renovations-3-different-styles,NOT RELEVANT
corolla dresser,master-bedroom-ideas,RELEVANT
corvette c6 trademark bar stool,home-bar-ideas,RELEVANT
courtyard casual outdoor lounge chair,outdoor-decor-ideas,RELEVANT
cream peel and stick backsplash,transform-your-bathroom-with-peel-and-stick-tiles,RELEVANT
cresswell 28 in. lamp,types-of-lamps-for-the-living-room-and-more,RELEVANT
crestaceous fossil length molding,lifeproof-luxury-vinyl-plank-flooring,NOT RELEVANT
critter sitters green makeup vanities,makeup-vanity-ideas,RELEVANT
custom roman shades,how-to-install-blinds-or-shades,RELEVANT
daltile corner shelf,shelving-ideas,RELEVANT
danco faucet hose adapter,how-to-install-a-single-handle-kitchen-faucet,RELEVANT
dark laminate flooring,types-of-flooring,RELEVANT
decolav bathroom wall cabinet,bathroom-vanity-ideas,RELEVANT
decorative light fixtures,how-to-install-a-hanging-light-fixture,RELEVANT
defiant 3-light led to light,how-to-replace-recessed-lighting-with-led,RELEVANT
deluxe brazing goggles,create-a-kids-road-trip-game-box,NOT RELEVANT
denise console tables,console-table-ideas,RELEVANT
dewalt jump with compressor,best-air-compressors-for-your-project,RELEVANT
dewalt led light,types-of-led-lights,RELEVANT
diaz accent chair,three-ways-to-style-a-bedroom-nook,NOT RELEVANT
dickies work vest,how-to-create-a-home-office-in-any-corner-of-your-home,NOT RELEVANT
diecast door lever,how-to-remove-a-door-knob,RELEVANT
dining chair homestyles dining chair,4-questions-to-help-you-choose-the-best-dining-room-table,RELEVANT
direct vanity sink 32 in. vanity in white,types-of-bathroom-sinks,RELEVANT
direct wicker outdoor benches,creating-a-cozy-patio-space,RELEVANT
directbrand water heater accessories,when-to-replace-a-water-heater,RELEVANT
docapole pruning saw,how-to-use-a-hand-saw,RELEVANT
door jamb kit,how-to-install-split-jamb-interior-doors,RELEVANT
door lock with key,types-of-door-locks,RELEVANT
doorbell buttons,how-to-install-a-doorbell,RELEVANT
double steel for doors,types-of-interior-doors,RELEVANT
drain adpater,types-of-fittings-for-gas-and-water-pipes,NOT RELEVANT
drive straight anchor,how-to-use-an-impact-driver,RELEVANT
drive straight sheet metal screw,how-to-install-metal-roofing,RELEVANT
dura-lift garage door seal,garage-door-maintenance-tips,RELEVANT
dusk blue bath mat,best-bath-towels-for-your-bathroom,NOT RELEVANT
e150mw 06x10,how-to-charge-a-car-battery,NOT RELEVANT
e4d7-t-copper,types-of-fittings-for-gas-and-water-pipes,RELEVANT
earthmark raised garden bed,diy-raised-garden-bed,RELEVANT
eaton type main breaker meter breaker euserc,types-of-circuit-breakers,RELEVANT
ecco mechanics work light,best-work-light-for-you,RELEVANT
eco mount,how-to-measure-for-cellular-pleated-roman-shades,NOT RELEVANT
ecos scented hand soap,how-to-make-soap,RELEVANT
elbow in purple,six-step-walk-in-shower-install,NOT RELEVANT
electric,types-of-electrical-wires-and-cables,RELEVANT
electrical wall boxes,how-to-buy-electrical-panels,RELEVANT
elena dining room set,adding-a-touch-of-winter-to-our-dining-room-,RELEVANT
em - 38150,creating-a-ghostly-graveyard-for-halloween,NOT RELEVANT
emerson 80 series thermostat,best-thermostats-for-your-home,RELEVANT
empire vanity mirror,vanity-light-height,RELEVANT
emsco landscape rock,how-to-use-landscape-fabric,RELEVANT
epoxy adhesives,types-of-glue-and-adhesives,RELEVANT
erb s662 3 economy mesh,how-to-repair-or-replace-window-screens,NOT RELEVANT
erias home designs,home-office-shed-transformation,NOT RELEVANT
eurofase 12-light chandelier,best-chandeliers-for-your-home,RELEVANT
everbilt #18 x 250 ft. braided,3-bathroom-renovations-3-different-styles,NOT RELEVANT
exotic fire glass fire glass,fire-pit-ideas,RELEVANT
extra roller kit,best-paint-roller-for-your-projects,RELEVANT
eza585 bz,types-of-tube-lights,NOT RELEVANT
f40000 30 in. convertible under hood,how-to-install-a-range-hood,RELEVANT
f870l-bs,how-to-get-rid-of-fire-ants,NOT RELEVANT
fail safe grow light kit,create-a-diy-indoor-grow-light-system,RELEVANT
faucet with plate,best-kitchen-faucets-for-your-home,RELEVANT
faultless handleset with lever,types-of-door-knobs,RELEVANT
faux brick wallpaper,how-to-clean-wallpaper,RELEVANT
feit electric 75 watt bulb,types-of-led-lights,RELEVANT
feit electric recessed,types-of-led-lights,RELEVANT
fiberboard,types-of-drywall,NOT RELEVANT
fire pit essentials cowboy,fire-pit-ideas,RELEVANT
fireplace tile,best-fireplace-accessories-for-your-home,RELEVANT
flex drain polyethylene pipe fitting,types-of-fittings-for-gas-and-water-pipes,RELEVANT
folding patio chair,small-patio-ideas,RELEVANT
formica laminate countertop,types-of-countertop-edges,RELEVANT
framing gun,best-nail-guns-for-your-project,RELEVANT
freeman 2-in-1 16-gauge handle,6-steps-for-installing-laminate-flooring,RELEVANT
fresca 1-handle faucet in chrome,how-to-repair-a-ball-faucet,RELEVANT
furnace filter 20x25x1,how-to-clean-an-air-conditioner-filter,RELEVANT
garden plants,container-garden-ideas,RELEVANT
garden safe natural pest management,how-to-humanely-control-pests-in-your-garden,RELEVANT
garden water can,best-garden-hoses-for-your-yard,NOT RELEVANT
gas worldlawn snow blower,how-to-use-a-snow-blower,RELEVANT
ge 15 amp breaker,types-of-circuit-breakers,RELEVANT
ge slate range hood,how-to-install-a-range-hood,RELEVANT
gearwrench headlamp,how-to-replace-a-power-cord-plug,NOT RELEVANT
general finishes interior wood stain,types-of-wood-stains,RELEVANT
generation lighting designer collections 55.125 in. degeneres by penny,new-lighting-technology-enhances-smart-controls,RELEVANT
glacier bay alcove shower door,tips-for-selecting-shower-doors,RELEVANT
gladiator workbench,garage-storage-ideas,RELEVANT
glidden essentials 1 gal ppg1193-2 paint,how-to-paint-a-room,RELEVANT
glidden premium 1 gal ppg1076-1 paint,how-to-paint-a-room,RELEVANT
glidden premium 1 qt ppg1031-7 paint,bedroom-paint-ideas,RELEVANT
glidden premium 1 qt ppg1107-5 paint,bedroom-paint-ideas,RELEVANT
glidden premium 1 qt ppg1150-4 paint,painting-tips-and-tricks,RELEVANT
glidden premium 5 gal #hdgy55d paint,how-to-use-a-paint-sprayer-,RELEVANT
glidden premium 8 oz ppg1137-4 sample,furniture-refinishing-with-varathane-premium-interior-wood-stain,NOT RELEVANT
granite tiles,porcelain-vs-ceramic-tiles,NOT RELEVANT
graphite modern threads duvet cover,how-to-put-on-a-duvet-cover,RELEVANT
grass seed zoysia,how-to-patch-a-lawn-with-seed,RELEVANT
grey royale linens comforter,neutral-nursery-ideas,NOT RELEVANT
gu10 smart light bulb,types-of-light-bulbs,RELEVANT
gutter screws,how-to-clean-gutters,RELEVANT
gvpar14x3802sf,day-of-the-dead-halloween-porch,NOT RELEVANT
gx23 cfl bulb,light-bulb-brightness,RELEVANT
hampton bay 30 in. pit in black,hampton-bay-customer-service,RELEVANT
hampton bay aluminum mini blind,how-to-install-blinds-or-shades,RELEVANT
hampton bay bathroom shelves,how-to-install-a-bathroom-vanity,RELEVANT
hampton bay butcher block countertop,hampton-bay-customer-service,RELEVANT
hampton bay designer series 9 in. x 34.5 in. x 23.75 in. assembled in espresso,hampton-bay-customer-service,NOT RELEVANT
hampton bay door chime,how-to-install-a-doorbell,RELEVANT
hampton bay laminate kit,hampton-bay-customer-service,NOT RELEVANT
hampton bay show,best-patio-furniture-for-your-outdoor-living-space,RELEVANT
hampton bay sq.,hampton-bay-customer-service,RELEVANT
hand planner,best-lathes-and-planers-for-your-project,RELEVANT
hand trowel,how-to-install-a-cement-board,RELEVANT
hdgr21px-05s,best-herbs-for-tea,NOT RELEVANT
hdhr12ea5x8,day-of-the-dead-halloween-porch,NOT RELEVANT
hemlock wall handrail,osha-guardrail-requirements,NOT RELEVANT
hillsdale furniture brushed,how-to-move-heavy-furniture,RELEVANT
hippo on kids,playroom-ideas,RELEVANT
hk-301,the-amazing-13-pumpkins-spooky-outdoor-halloween-display,NOT RELEVANT
hk376a-24,installing-a-paver-patio-and-fire-pit-from-the-ground-up,NOT RELEVANT
hk78c-4r,best-chainsaws-for-your-project,NOT RELEVANT
"homcomfort 11,000 btu lp top heater",water-heater-maintenance,NOT RELEVANT
home basics craft storage,garage-storage-ideas,NOT RELEVANT
home decorators collection 25 in. 22 in. pine,best-bath-towels-for-your-bathroom,NOT RELEVANT
home decorators collection 38 in. table,home-decorators-collection-customer-service,NOT RELEVANT
home decorators collection 38 in. vanity,best-bathroom-vanities-for-your-home,RELEVANT
home decorators collection 44 in. backsplash in white,semi-flush-mount-and-flush-mount-buying-guide-,NOT RELEVANT
home decorators collection 6-light pendant,best-kitchen-cabinets-for-your-home,NOT RELEVANT
home decorators collection top,home-decorators-collection-customer-service,RELEVANT
home master whole house water filter,how-to-install-a-whole-house-water-filter,RELEVANT
hooks hook,garage-storage-ideas,RELEVANT
hose to distributor,irrigation-tips-and-ideas,RELEVANT
hp062,buying-an-inverter-generator,NOT RELEVANT
hugger 52 in. led indoor white ceiling fan with light kit,how-to-install-a-ceiling-fan,RELEVANT
husky pvc pipe cutter,how-to-cut-pipe-and-tubing,RELEVANT
hvctnd673122zb8,how-to-make-a-home-feel-warm-and-cozy,RELEVANT
hydrohose 2 in. 50 ft. series with nozzle,best-garden-hoses-for-your-yard,RELEVANT
hydrotech water filtration system,how-water-softeners-work,NOT RELEVANT
iceberg roses,how-to-care-for-roses-in-summer,RELEVANT
ideal security door closer,best-smart-locks-for-home-security,RELEVANT
imports decor vulcanized,6-easy-ways-to-decorate-with-poinsettias,NOT RELEVANT
indoor trees,how-to-grow-indoor-trees,RELEVANT
industrial air 120 gal compressor,best-air-compressors-for-your-project,RELEVANT
industrial sink,how-to-install-an-undermount-sink-,RELEVANT
innoci-usa one piece toilet,how-to-install-a-toilet,RELEVANT
interdesign freestanding shelving unit,shelving-ideas,RELEVANT
irrigation controller,best-sprinkler-valves-for-your-yard,RELEVANT
ivy hill tile granite tile,bathroom-tile-ideas,RELEVANT
jackson outdoor dining chair,create-your-own-patio-collection,RELEVANT
jacobs specialty power tool accessories,how-to-use-a-rotary-tool,RELEVANT
jigsaw blade,how-to-use-a-jigsaw,RELEVANT
jlj8nv rg xxl,how-to-solder-jewelry,NOT RELEVANT
k-1122-la-0,setting-the-table-for-friendsgiving,NOT RELEVANT
kidde i12060,how-to-install-a-smoke-detector,RELEVANT
kids kit,summer-projects-for-kids,RELEVANT
king bed teal stylewell bed,how-to-make-a-bed,RELEVANT
klein tools 9 in. duty,best-electrical-testers-and-meters-for-voltage-diagnosis,RELEVANT
klein tools electronics,best-electrical-testers-and-meters-for-voltage-diagnosis,RELEVANT
klein tools tape measures,best-tape-measures,RELEVANT
kohler 2-piece 1.28 toilet in biscuit,the-best-toilet-for-your-home,RELEVANT
kohler 22.25 in. sink in sandbar,types-of-kitchen-sinks,RELEVANT
laguna point patio furniture,best-patio-furniture-for-your-outdoor-living-space,RELEVANT
laminate floor sealant,types-of-flooring,RELEVANT
lbl lighting 1-light led,recessed-lighting-buying-guide,RELEVANT
led sunlite uv light bulb,types-of-led-lights,RELEVANT
led vanity light,light-bulb-brightness,RELEVANT
legrand conduit elbow,how-to-cement-pvc-conduit-for-electrical-wiring,RELEVANT
leica laser distance measurer,how-to-measure-distance-with-a-laser,RELEVANT
lever face plate,electrical-outlet-types,NOT RELEVANT
"leviton 15 amp 9-outlet 2020 joules, 15 ft. protected null switch",types-of-wall-plates,NOT RELEVANT
lilac cloth napkins,how-to-fold-napkins-creatively,RELEVANT
liquid drain cleaner,how-to-unclog-a-shower-drain,RELEVANT
lit4002a-set2,how-to-fix-christmas-tree-lights,NOT RELEVANT
lithonia lighting 24 in. led under light,light-bulb-brightness,RELEVANT
ll1c14x04200wh,6-easy-bathroom-project-ideas-you-can-complete-in-a-weekend,NOT RELEVANT
ll6c12x02400wh,6-easy-bathroom-project-ideas-you-can-complete-in-a-weekend,NOT RELEVANT
load washer,front-load-washer-vs-top-load-washer,RELEVANT
luan plywood,types-of-lumber,RELEVANT
lutron 600 watt dimmer with eco-dim,best-dimmer-switches-for-your-home,RELEVANT
lutron maestro dimmer,how-to-install-a-dimmer-switch,RELEVANT
luxen home pre lit christmas trees,the-gift-of-christmas-decor,RELEVANT
m18 18 volt 2.0ah pack,how-to-cut-holiday-letters-with-a-jigsaw,NOT RELEVANT
m18 rotary hammer,types-of-drill-bits,RELEVANT
magswitch welding clamp,how-to-flux-core-weld,NOT RELEVANT
makita 120 mph 473 cfm 18 volt x2 blower,best-leaf-blowers-for-your-yard,RELEVANT
marcius gray pouf,gray-bathroom-ideas,NOT RELEVANT
mastercool whole house evaporative cooler,evaporative-cooler-installation,RELEVANT
matrix decor pull down kitchen faucet,how-to-install-a-single-handle-kitchen-faucet,RELEVANT
matte black gun safes,renovating-a-36-year-old-bathroom-with-delta-upstile,NOT RELEVANT
mattress topper mattress topper,how-to-pick-the-best-mattress-accessories,RELEVANT
max blackout curtain,how-to-measure-curtains,RELEVANT
maxxsonics cell phones,how-to-solder-jewelry,NOT RELEVANT
mc39779,types-of-circuit-breakers,NOT RELEVANT
mdf wall panel,types-of-plywood,RELEVANT
me7-bt,types-of-generators-for-your-home,NOT RELEVANT
merola tile 12 in. x 12 in. 2 mm tile,colored-grout-and-new-tile-create-fresh-bathroom-look,RELEVANT
merola tile nero ceramic tile,bathroom-tile-ideas,RELEVANT
merola tile offset,how-to-install-a-tile-backsplash,RELEVANT
metric allen hex key set,how-to-fix-a-leaky-faucet,RELEVANT
milwaukee light,how-many-lumens-needed-for-outdoor-lighting,RELEVANT
milwaukee wrench set,how-to-use-a-ratchet,RELEVANT
mississippi patio dining set,small-patio-ideas,RELEVANT
mk207,how-to-replace-a-power-cord-plug,NOT RELEVANT
modway drop in bathroom sink,how-to-install-an-undermount-sink-,RELEVANT
moen shower,how-to-replace-a-shower-faucet,RELEVANT
mohit ottoman,how-to-build-a-storage-ottoman,RELEVANT
molding and trim,types-of-moulding,RELEVANT
monterey grass killer,how-to-kill-weeds-in-your-lawn,RELEVANT
morton salt pool chlorine,how-to-open-a-pool,RELEVANT
mount in chrome,kids-bathroom-updates-you-can-do-in-a-weekend,NOT RELEVANT
mr direct drop in bathroom sink,types-of-bathroom-sinks,RELEVANT
multi-colored blissful nights mattresses,how-to-pick-the-best-mattress-accessories,RELEVANT
multi-colored party supplies,how-to-throw-a-playoff-party,RELEVANT
multi-colored urban port ottoman,how-to-care-for-poinsettias,NOT RELEVANT
multi-ring holder for locboard,diy-holiday-magazine-holder,NOT RELEVANT
multibrown outdoor sectional,small-patio-ideas,RELEVANT
mytouchsmart motion sensor,how-to-adjust-motion-light-sensor-settings,RELEVANT
n 6698,small-porch-ideas-for-halloween,NOT RELEVANT
n95 respirator mask,best-safety-equipment-for-painting,RELEVANT
nameeks vessel sink,bathroom-remodel-ideas,RELEVANT
nara armen living bar stool,home-bar-ideas,RELEVANT
natco stair runner,how-to-build-a-staircase,NOT RELEVANT
natural comforter,5-tips-to-setting-a-memorable-friendsgiving-table,NOT RELEVANT
natural living room set,blue-living-room-ideas,RELEVANT
navin coffee tables,Living-Room-Decorating-Ideas,RELEVANT
nest smart doorbell,how-to-install-a-doorbell,RELEVANT
new grange oak nightstand,how-to-throw-a-new-year's-eve-party-at-home,NOT RELEVANT
nostalgic warehouse rosette in pewter,types-of-door-knobs,RELEVANT
o77 cover,types-of-respirator-masks,NOT RELEVANT
odor ban,best-range-hoods-for-your-kitchen,NOT RELEVANT
office chairs guest office chair,home-office-ideas,RELEVANT
old work outlet box,how-to-install-a-gfci-outlet,RELEVANT
oracle bar stool,bedroom-makeovers-for-pre-teens,NOT RELEVANT
other ivy hill tile glass tile,bathroom-tile-ideas,RELEVANT
out06x30x34imp01rwr,5-of-the-most-popular-questions-about-orchid-care,NOT RELEVANT
out08x30x38imp03rdf,fire-prevention-create-a-fire-safe-environment-on-your-property,NOT RELEVANT
outdoor fountains,garden-water-feature-ideas,RELEVANT
outdoor lighted tree,how-many-lumens-needed-for-outdoor-lighting,RELEVANT
outdoor stair stringer,how-to-build-stairs,RELEVANT
outswinging awning window,types-of-awnings,RELEVANT
ovente electric kettles,best-electric-kettles-for-boiling-water,RELEVANT
over the door spice rack,how-to-paint-a-door-frame,NOT RELEVANT
p38536c-cz-cp,how-to-replace-a-power-cord-plug,NOT RELEVANT
p39955c-vbg-c,types-of-batteries,NOT RELEVANT
padded in beige,turning-your-basement-into-the-perfect-workspace,NOT RELEVANT
paintable base moulding,types-of-moulding,RELEVANT
palm tree food,how-to-build-a-flower-tower,NOT RELEVANT
panel doors,types-of-interior-doors,RELEVANT
partsmasterpro bathroom faucet trim kit,how-to-install-a-single-handle-kitchen-faucet,RELEVANT
patio cushion storage,best-outdoor-cushions-for-your-patio-furniture,RELEVANT
pedistal sink,best-pedestal-sinks-for-your-bathroom,RELEVANT
penn christmas ornament,how-to-make-a-christmas-tree-card-holder,NOT RELEVANT
pfister 4 in. faucet,how-to-replace-a-bathroom-faucet,RELEVANT
phed.ka.300v.26.68.134.rh-m1-1.1lsl,how-to-change-a-table-saw-blade,NOT RELEVANT
pickens home bar,home-bar-ideas,RELEVANT
picnic time picnic tables,how-to-build-a-picnic-table,RELEVANT
picture moving box,how-to-pack-for-a-move,RELEVANT
pine board,how-to-make-a-cutting-board,NOT RELEVANT
pine lumber,types-of-lumber,RELEVANT
pink blue brown wallpaper border,how-to-hang-a-wallpaper-border,RELEVANT
pipe decor bar in iron,make-a-simple-diy-black-pipe-light-fixture-in-one-afternoon,NOT RELEVANT
plant in sand,types-of-soil,RELEVANT
plant killer,best-weed-killer-for-your-yard,RELEVANT
plaster retarder joint compound,how-to-patch-drywall,RELEVANT
plastic flower pot,best-flower-pots-for-your-yard,RELEVANT
pls8-12a f,light-bulb-brightness,NOT RELEVANT
plumbers edge toilet flush valve,how-to-fix-a-toilet-tank,RELEVANT
poise mng hardware lever,types-of-curtain-rods,NOT RELEVANT
polyethylene irrigation tubing,types-of-drip-irrigation,RELEVANT
polyethylene sheet,how-to-build-a-greenhouse,RELEVANT
poplin tablecloth fuchsia tablecloth,creating-the-perfect-tablescape-for-friendsgiving,RELEVANT
porch rug,how-to-screen-in-a-porch,RELEVANT
ppg diamond 1 qt ppg1136-6 spruce with primer,how-to-lay-envirotile,NOT RELEVANT
ppg timeless 1 gal ppg1106-2 paint,how-to-use-a-paint-sprayer-,RELEVANT
ppg timeless 8 oz #hdppgr61u sample,creating-a-timeless-laundry-space,NOT RELEVANT
pre charged well pressure tank,types-of-well-pumps,RELEVANT
pressure washer quick connect,how-to-use-a-pressure-washer,RELEVANT
progress lighting 9 in. led under light,light-bulb-brightness,RELEVANT
puleo international christmas yard decoration,how-to-decorate-for-christmas-with-lights,RELEVANT
pvc 08400 2000ha,types-of-pipes,RELEVANT
qbomb8vl-single,kitchen-refacing-ideas,NOT RELEVANT
qep joint tape,how-to-tape-drywall,RELEVANT
qi003589l,how-to-charge-a-car-battery,NOT RELEVANT
quadplex circuit breaker,how-to-install-an-afci-breaker,RELEVANT
quiet glide 6 ft. horseshoe,garden-memorial-ideas,NOT RELEVANT
quiet glide mount with rail,how-to-build-a-post-and-rail-fence,NOT RELEVANT
ratchet straps,how-to-use-a-ratchet-strap,RELEVANT
raybestos 2006-2014 fits,types-of-bathtubs,NOT RELEVANT
rca upright freezer,how-to-organize-your-freezer,RELEVANT
ready-to-use concrete mixes,types-of-concrete-mix-for-any-project,RELEVANT
red brown wallpaper roll,how-to-hang-a-wallpaper-border,RELEVANT
red kap 38 in. x 13 in. short,creating-a-timeless-laundry-space,NOT RELEVANT
red lr resources throw blanket,clever-blanket-storage-ideas,RELEVANT
remote control permasteel patio heater,how-to-install-a-ceiling-fan-remote,NOT RELEVANT
resettable circuit breaker outlet adapters,how-to-wire-a-circuit-breaker,RELEVANT
restonic mattress topper,how-to-move-a-mattress,NOT RELEVANT
reusable sanding sponge,types-of-sandpaper-and-abrasives,RELEVANT
reversible drain schon bathtub,how-to-remove-a-bathtub-drain,NOT RELEVANT
reversible multi-colored shatex comforter,day-of-the-dead-halloween-porch,NOT RELEVANT
rigid power tools,must-have-tools-for-homeowners,RELEVANT
robot lawn mower,lawn-mower-maintenance,RELEVANT
rocker red modway ottoman,how-to-get-red-wine-out-of-carpet,NOT RELEVANT
rod desyne 160 in. 240 in. 1 in. double lanette,types-of-curtain-rods,RELEVANT
roll in white,1920s-kitchen-renovation-ideas,NOT RELEVANT
rollaway tool box,best-truck-accessories-for-your-pickup,NOT RELEVANT
room door,types-of-interior-doors,RELEVANT
round end trowel,create-a-diy-indoor-grow-light-system,NOT RELEVANT
round garage,garage-door-maintenance-tips,RELEVANT
rowan entryway benches,mudroom-ideas,RELEVANT
royale linens bed sheet,linen-closet-organization,RELEVANT
rust-oleum 30 oz glaze,dream-kitchen-remodel,NOT RELEVANT
rwl18x049rwp,how-to-make-a-home-feel-warm-and-cozy,NOT RELEVANT
rwr15x042crw,transforming-a-pre-fabricated-tuff-shed-into-a-solar-powered-workshop,NOT RELEVANT
sae ratcheting wrench set,types-of-wrenches,RELEVANT
sae stanley wrench set,how-to-set-a-formal-table,NOT RELEVANT
salmon outdoor side tables,creating-a-cozy-patio-space,RELEVANT
sand wallpaper border,how-to-hang-a-wallpaper-border,RELEVANT
sande plywood,how-to-build-a-bookshelf,RELEVANT
sandusky wall cabinet,best-kitchen-cabinets-for-your-home,RELEVANT
saw for band,best-band-saws-for-your-project,RELEVANT
schon corner shower door,how-to-tile-a-shower-wall,RELEVANT
sd78dn rg xxl,how-to-crimp-connectors,NOT RELEVANT
searchTerm,slug,Label
seashells mix,how-to-mix-mortar,NOT RELEVANT
season with mat,get-10-patio-ideas-for-outdoor-inspiration,NOT RELEVANT
self drilling anchor,best-drywall-screws-and-nails-for-your-projects,RELEVANT
sh10ch rg m,how-to-replace-a-power-cord-plug,NOT RELEVANT
shaw vinyl plank flooring,laminate-vs-vinyl,RELEVANT
shen-24445340-04,how-to-grill-foil-wrapped-baby-back-ribs-with-mexican-style-corn,NOT RELEVANT
sheridan beige office storage cabinet,home-office-ideas,RELEVANT
shop vac,best-wet-and-dry-vacs-for-cleaning,RELEVANT
shower grout sealer,how-to-grout-tile,RELEVANT
showering package,best-shower-heads-for-your-bathroom,RELEVANT
shrubs and trees,spring-flowering-trees-and-shrubs-to-plant-now,RELEVANT
shun knife blocks,knife-maintenance,RELEVANT
side truck tool boxes,types-of-truck-bed-covers,RELEVANT
siemens 50 amp 3-pole 10 ka breaker with lugs,how-to-repair-a-circuit-breaker,RELEVANT
siesta periwinkle sttelli bed sheet,how-to-fold-a-fitted-sheet,RELEVANT
silverado bed rugged flares,5-reasons-to-love-raised-garden-beds,NOT RELEVANT
simonton door,best-patio-doors-for-your-home,RELEVANT
sink repair,how-to-fix-a-leaky-faucet,RELEVANT
skillet with spouts,how-to-install-a-tub-spout,NOT RELEVANT
small freezers,how-to-clean-a-freezer,RELEVANT
socket for lamp,how-to-install-a-lamp-post,RELEVANT
soffit vent,types-of-roofing-and-attic-ventilations,RELEVANT
soldering iron,how-to-solder-copper-pipes,RELEVANT
solistone floor tile,bathroom-tile-ideas,RELEVANT
soss door hinges,types-of-cabinet-hinges,RELEVANT
southern ag lawn weed killer,how-to-kill-weeds-in-lawn,RELEVANT
sp90rb m 345,using-home-depot-kitchen-design-services-for-a-kitchen-makeover,NOT RELEVANT
speedi products grow room ventilation,create-a-diy-indoor-grow-light-system,RELEVANT
spray foam insulation kit,how-to-insulate-garage-doors,RELEVANT
sprinkler valve,sprinkler-head-types,RELEVANT
spyder auto 00-06 benz,haunted-mine-dragon-lair-scene,NOT RELEVANT
square d 100 amp 2-pole qo2100 included with breaker,how-to-buy-electrical-panels,RELEVANT
stainless steel collated finishing nail,how-to-clean-stainless-steel,NOT RELEVANT
stainless steel pull set,how-to-clean-stainless-steel,RELEVANT
stair parts newel,how-to-build-a-staircase,RELEVANT
standing closet,DIY-closet-organizer,RELEVANT
stark 10 in. bit,types-of-drill-bits,RELEVANT
steel dovetail jig,how-to-make-wood-joints,RELEVANT
steel garage,best-garage-doors-for-your-home,RELEVANT
steele dining tables,4-questions-to-help-you-choose-the-best-dining-room-table,RELEVANT
stool with rating,how-to-build-a-diy-step-stool,NOT RELEVANT
storage bins with hangers,best-storage-containers-for-your-home,RELEVANT
studio area rug,how-to-clean-a-rug,RELEVANT
stylecraft 65 in. lamp with shade,how-to-measure-a-lamp-shade,RELEVANT
sunjoy fireplace tv stand,best-fireplace-accessories-for-your-home,RELEVANT
suresill casing,how-to-install-split-jamb-interior-doors,RELEVANT
t1-11 siding,how-to-change-an-outdoor-light-fixture,NOT RELEVANT
t3 t20 screwdriver,types-of-screwdrivers,RELEVANT
tattletale battery smoke detector,types-of-smoke-detectors,RELEVANT
team carpet tile,best-carpet-padding-for-your-floors,RELEVANT
telescopic blind rod,how-to-measure-for-vertical-blinds,RELEVANT
telescoping pressure washer extension wand,Best-Pressure-Washers-For-Your-Project,RELEVANT
tfp102bbf21x061hg,how-to-install-a-herringbone-paver-patio,NOT RELEVANT
thin kerf miter blade,how-to-cut-crown-moulding,RELEVANT
thomas lighting enclosed with baffle,light-bulb-brightness,RELEVANT
thr203a-5060,creating-a-ghostly-graveyard-for-halloween,NOT RELEVANT
thread carriage bolt,grades-of-bolts,RELEVANT
threaded toilet flush valve part,how-to-replace-a-fill-valve,RELEVANT
titan lighting 4-light sconce,how-to-install-recessed-lighting,NOT RELEVANT
titan lighting led with medium,how-many-lumens-needed-for-outdoor-lighting,RELEVANT
titan pry bar,how-to-install-vinyl-plank-flooring,RELEVANT
tk 48 80,types-of-conduit,NOT RELEVANT
tk100e,types-of-circuit-breakers,NOT RELEVANT
toggled 4 ft. 32 watt 2-light led,how-to-choose-the-best-lighting-for-your-garage-workshop,NOT RELEVANT
tolston patio dining set,create-your-own-patio-collection,NOT RELEVANT
toolpro drywall knives,how-to-tape-drywall,RELEVANT
trailkeg beverage jug cooler,diy-upcycled-lamp,NOT RELEVANT
transolid 58.25 in. 22.25 in. 4 in. top in grey,how-to-clean-a-stove-top,NOT RELEVANT
trinidad visol salt,salt-rock-for-grilling,RELEVANT
triton table saw,best-miter-saws-for-your-project,RELEVANT
truporte bifold door,how-to-install-bifold-doors,RELEVANT
tulipe stock pot,best-stock-pots-for-your-kitchen,RELEVANT
turquoise sweese mug,best-coffee-mugs-for-your-hot-beverages,RELEVANT
tuscan taupe outdoor side tables,small-patio-ideas,RELEVANT
universal tubs 60 in. right whirlpool tub,3-bathroom-renovations-3-different-styles,RELEVANT
universal tubs faucet with shower,best-shower-heads-for-your-bathroom,NOT RELEVANT
upholstered dining chair dining chair,the-best-office-chairs-for-your-home,NOT RELEVANT
urban trends collection 11.25 in. figurine,gardening-trends,NOT RELEVANT
utopia alley curved,modern-breakfast-in-bed-tray-from-copper-pipe,NOT RELEVANT
ventamatic exhaust attic fan,best-bathroom-fans-for-your-home,NOT RELEVANT
veranda landscape lighting transformer,front-yard-landscaping-ideas,RELEVANT
veranda vinyl fencing,types-of-fence-materials-and-hardware,RELEVANT
verona t pyramid post cap,diy-potting-bench-apple-cider-bar,NOT RELEVANT
vibra pewter knob,types-of-door-knobs,RELEVANT
vigoro garden fencing,how-to-build-a-fence,RELEVANT
vin3c1135 sk,the-amazing-13-pumpkins-spooky-outdoor-halloween-display,NOT RELEVANT
virgil inspired home makeup vanities,makeup-vanity-ideas,RELEVANT
viva ceiling pendant,semi-flush-mount-and-flush-mount-buying-guide-,RELEVANT
vk75-21x34-storm,how-to-install-a-storm-door,NOT RELEVANT
vornado 6.4 in. fan,how-to-remove-a-ceiling-fan,NOT RELEVANT
vt34.25x22-1sv-4t-a-w-1,transform-your-bathroom-with-peel-and-stick-tiles,NOT RELEVANT
vt36.5x22-1ou-4t-a-w-4,transform-your-bathroom-with-peel-and-stick-tiles,NOT RELEVANT
washable black chesapeake wallpaper samples,how-to-hang-a-wallpaper-border,RELEVANT
watco brass fitting,types-of-pipe-fittings,RELEVANT
watkins luxor end tables,10-minute-recipes-for-the-grill,NOT RELEVANT
weathered acorn patio dining tables,create-your-own-patio-collection,NOT RELEVANT
weathered shiplap,styling-a-she-shed-with-shiplap-walls,RELEVANT
weathertech vehicles with side,types-of-car-jacks,NOT RELEVANT
web-ad120-16x20,easy-halloween-dining-room-design,NOT RELEVANT
weylyn sectional,create-your-own-patio-collection,NOT RELEVANT
wfg975h0hz,5-of-the-most-popular-questions-about-orchid-care,NOT RELEVANT
white enamel paint,best-paint-roller-for-your-projects,RELEVANT
white molecule duvet cover,duvet-vs-comforters,RELEVANT
white one-coat paint,how-to-prime-a-wall,RELEVANT
whynter,best-air-conditioners-for-your-home,RELEVANT
whynter 1.1,best-air-conditioners-for-your-home,RELEVANT
whynter 1.2,best-air-conditioners-for-your-home,RELEVANT
whynter 13.8,best-air-conditioners-for-your-home,RELEVANT
wire garden fencing,how-to-build-a-fence,RELEVANT
wood 24 in. x 6 in. oak porcelain floor tile,porcelain-vs-ceramic-tiles,RELEVANT
wood fireplace,best-fireplace-accessories-for-your-home,RELEVANT
wood gate,how-to-build-a-fence,RELEVANT
wood polyurethane,how-to-apply-polyurethane,RELEVANT
woodland meadow bruce engineered hardwood,best-hardwood-floors-for-your-home,RELEVANT
woodside dining room set,dining-room-ideas,RELEVANT
worth garden bird feeder,how-to-make-a-diy-wooden-bird-feeder,RELEVANT
xpower inflator,how-to-replace-a-sump-pump,NOT RELEVANT
xtremepowerus compressor accessories,how-to-use-an-air-compressor,RELEVANT
y-808,backyard-makeover-with-a-paver-patio,NOT RELEVANT
yellow electric grill,grill-a-steak,RELEVANT
york wallcoverings williamsburg ii,how-to-create-a-nutcracker-themed-christmas-dinner,NOT RELEVANT
zamma wide x stair molding,how-to-install-a-stair-runner,RELEVANT
zander coffee tables,how-to-build-a-crate-end-table,NOT RELEVANT
zenport:zenport pruning saw,types-of-hand-saws,NOT RELEVANT
zing led night light,light-bulb-brightness,RELEVANT
zing rv accessories,rv-accessories-and-rv-supplies,RELEVANT
zinus 4-piece steel with conversation,kitchen-refacing-ideas,NOT RELEVANT